datetime,CALL_open,CALL_high,CALL_low,CALL_close,CALL_volume,CALL_oi,CALL_iv,strike,spot,PUT_open,PUT_high,PUT_low,PUT_close,PUT_volume,PUT_oi,PUT_iv
2024-01-01 09:15:00,406.1,406.1,375.05,378.8,212650.0,1411100.0,13.536536,21700.0,21700.8,252.95,260.0,248.9,254.15,236900.0,1351650.0,14.444535
2024-01-01 09:30:00,379.9,388.5,370.4,382.05,96350.0,1411400.0,13.549473,21700.0,21706.05,254.15,259.0,246.0,250.5,107250.0,1375500.0,14.380348
2024-01-01 09:45:00,383.2,406.45,364.4,375.6,61750.0,98950.0,14.00241,21750.0,21726.3,249.7,260.65,236.5,260.55,149000.0,140600.0,14.236645
2024-01-01 10:00:00,407.95,409.25,374.0,393.1,83400.0,1429350.0,13.968815,21700.0,21709.65,240.0,260.9,237.65,246.0,61100.0,1314500.0,14.246808
2024-01-01 10:15:00,393.1,397.5,379.2,390.25,86100.0,1471850.0,13.765902,21700.0,21712.5,246.0,253.2,242.05,244.15,63700.0,1313450.0,14.218135
2024-01-01 10:30:00,390.25,397.6,366.7,370.3,32800.0,100750.0,13.788987,21750.0,21726.75,244.15,259.0,238.1,257.9,26100.0,141500.0,14.130448
2024-01-01 10:45:00,401.2,403.8,372.15,377.0,31300.0,89250.0,13.828383,21750.0,21736.15,237.4,258.5,236.0,253.1,13950.0,143900.0,14.097622
2024-01-01 11:00:00,377.0,383.0,370.2,379.5,6450.0,89050.0,13.813184,21750.0,21741.25,253.1,257.95,249.1,251.9,10350.0,147950.0,14.143793
2024-01-01 11:15:00,379.5,382.65,375.8,382.2,4500.0,89100.0,13.819719,21750.0,21745.85,251.9,256.5,249.3,250.0,5950.0,149050.0,14.147883
2024-01-01 11:30:00,382.2,385.3,372.6,373.0,6900.0,89250.0,13.787594,21750.0,21731.25,250.0,256.3,248.2,254.2,8400.0,152200.0,14.057458
2024-01-01 11:45:00,373.0,376.2,368.6,376.0,2950.0,88950.0,13.828153,21750.0,21732.7,254.2,255.3,251.95,253.5,6950.0,152900.0,14.055713
2024-01-01 12:00:00,376.0,408.95,369.75,383.2,29250.0,89500.0,13.967522,21750.0,21742.5,253.5,257.0,231.75,241.0,31150.0,153350.0,13.677434
2024-01-01 12:15:00,383.2,404.85,373.5,396.85,22850.0,1516250.0,13.980575,21700.0,21717.15,241.0,252.25,231.95,236.55,34800.0,1397650.0,13.971793
2024-01-01 12:30:00,396.85,400.6,367.1,370.0,15150.0,88200.0,13.662114,21750.0,21735.2,236.55,256.0,232.4,251.55,15000.0,151150.0,14.02098
2024-01-01 12:45:00,370.0,380.9,370.0,376.6,7650.0,87550.0,13.709969,21750.0,21741.35,251.55,251.55,243.05,247.3,10650.0,156400.0,13.94832
2024-01-01 13:00:00,376.6,383.0,375.35,378.55,3300.0,87800.0,13.908479,21750.0,21737.95,247.3,248.4,242.55,243.6,15950.0,160150.0,13.715056
2024-01-01 13:15:00,378.55,386.05,377.75,386.05,12700.0,88500.0,13.870664,21750.0,21751.95,243.6,244.5,239.2,239.2,18300.0,160400.0,13.785522
2024-01-01 13:30:00,386.05,388.0,376.05,376.05,9550.0,88800.0,13.662816,21750.0,21742.7,239.2,245.0,238.1,244.15,15150.0,158900.0,13.83577
2024-01-01 13:45:00,376.05,401.75,376.05,399.6,13900.0,89100.0,14.156007,21750.0,21764.85,244.15,244.15,230.0,231.95,19900.0,167100.0,13.701796
2024-01-01 14:00:00,399.6,407.85,375.8,400.15,183450.0,901400.0,14.732829,21800.0,21792.65,231.95,245.5,228.3,234.8,233500.0,896450.0,13.38591
2024-01-01 14:15:00,399.8,406.25,390.5,400.65,219600.0,917400.0,14.718557,21800.0,21794.25,235.15,241.95,232.2,237.55,251500.0,969550.0,13.544088
2024-01-01 14:30:00,400.8,429.9,394.45,427.8,164100.0,911150.0,15.354909,21800.0,21817.3,237.0,241.5,221.9,223.15,167150.0,977150.0,13.32359
2024-01-01 14:45:00,428.85,443.85,395.0,441.65,226200.0,949450.0,15.845695,21800.0,21822.85,223.75,243.0,221.3,224.75,290150.0,1083900.0,13.502932
2024-01-01 15:00:00,410.05,443.8,382.95,390.7,155550.0,89250.0,14.813253,21750.0,21725.3,243.0,250.7,220.1,250.0,219200.0,170750.0,13.773695
2024-01-01 15:15:00,385.6,425.75,382.15,384.2,329550.0,1441600.0,14.19464,21700.0,21689.45,250.0,252.2,226.2,251.4,456450.0,1388850.0,14.14287
2024-01-02 09:15:00,385.0,397.15,350.2,357.0,184000.0,100050.0,13.43231,21750.0,21731.9,230.95,267.4,230.95,258.1,251750.0,157300.0,14.411898
2024-01-02 09:30:00,357.2,389.0,351.25,368.6,64850.0,99750.0,13.843019,21750.0,21736.9,258.1,264.15,237.75,253.05,87100.0,163500.0,14.279479
2024-01-02 09:45:00,368.6,407.9,355.9,371.55,33850.0,107200.0,14.068823,21650.0,21636.8,253.05,259.85,229.5,253.2,46850.0,75050.0,14.339473
2024-01-02 10:00:00,369.9,382.0,360.6,380.95,30550.0,112600.0,13.838241,21650.0,21661.75,253.2,259.6,240.0,246.75,20850.0,76200.0,14.534361
2024-01-02 10:15:00,380.95,395.7,368.95,383.5,61150.0,608900.0,14.088716,21600.0,21608.65,246.75,270.1,244.65,254.0,111200.0,1095850.0,14.843024
2024-01-02 10:30:00,382.0,400.25,351.35,370.95,98000.0,649300.0,14.007563,21600.0,21590.1,254.4,278.8,243.5,261.0,195150.0,1083200.0,14.803303
2024-01-02 10:45:00,370.95,384.45,365.25,382.3,89100.0,672500.0,13.840812,21600.0,21615.95,261.0,264.65,245.35,248.0,129600.0,1089350.0,14.708977
2024-01-02 11:00:00,381.3,382.85,369.45,370.65,44150.0,679150.0,14.048627,21600.0,21588.4,247.9,261.05,246.15,260.0,108900.0,1096150.0,14.726392
2024-01-02 11:15:00,370.65,398.75,364.05,376.0,65400.0,690500.0,14.008982,21600.0,21599.35,260.0,267.05,244.9,253.5,216800.0,1090700.0,14.643286
2024-01-02 11:30:00,376.0,379.05,360.0,371.25,67100.0,687500.0,13.83542,21600.0,21597.7,253.5,269.6,250.8,258.7,103400.0,1081950.0,14.856227
2024-01-02 11:45:00,370.0,370.8,362.0,370.55,22350.0,687300.0,13.673733,21600.0,21602.6,259.1,264.15,255.15,258.0,44450.0,1084550.0,14.923244
2024-01-02 12:00:00,370.55,377.85,368.05,374.0,46000.0,695350.0,13.571335,21600.0,21612.4,258.0,258.15,251.05,252.55,43000.0,1092150.0,14.863542
2024-01-02 12:15:00,374.0,382.05,350.35,352.05,17850.0,106800.0,13.456549,21650.0,21627.35,251.5,266.05,245.95,265.4,26800.0,72600.0,14.737602
2024-01-02 12:30:00,352.05,367.4,352.05,361.15,10250.0,106100.0,13.532331,21650.0,21640.6,265.4,265.75,254.05,256.9,8300.0,73800.0,14.610295
2024-01-02 12:45:00,361.15,384.3,350.9,354.6,16600.0,105550.0,13.574401,21650.0,21627.75,256.9,266.4,244.95,263.9,13900.0,75250.0,14.679794
2024-01-02 13:00:00,354.6,384.15,353.8,375.2,32250.0,670850.0,13.605297,21600.0,21613.9,263.9,266.5,246.8,256.0,57300.0,1069750.0,15.063939
2024-01-02 13:15:00,375.2,382.1,371.6,375.75,23500.0,667500.0,13.415532,21600.0,21621.8,256.0,256.0,246.25,249.45,37900.0,1065100.0,14.912822
2024-01-02 13:30:00,347.0,384.65,347.0,360.5,6750.0,96150.0,13.732603,21650.0,21632.7,269.9,269.9,244.2,261.1,10000.0,70700.0,14.655513
2024-01-02 13:45:00,360.5,365.0,353.8,357.2,9700.0,92750.0,13.694752,21650.0,21628.5,261.1,263.1,255.3,261.95,3150.0,68400.0,14.612037
2024-01-02 14:00:00,357.2,390.8,356.35,384.6,17700.0,91600.0,14.070017,21650.0,21662.35,260.85,262.5,234.3,238.45,19250.0,65850.0,14.188055
2024-01-02 14:15:00,384.6,387.35,366.0,380.3,8650.0,89900.0,14.162363,21650.0,21651.75,238.0,252.2,236.75,241.65,8800.0,68800.0,14.131607
2024-01-02 14:30:00,378.7,392.4,356.0,385.15,150950.0,94550.0,13.88566,21650.0,21670.3,242.65,250.2,230.9,235.55,181400.0,69850.0,14.210634
2024-01-02 14:45:00,355.5,388.1,353.0,370.3,67800.0,88300.0,13.439117,21650.0,21661.3,253.0,256.5,234.1,248.2,137450.0,69800.0,14.632304
2024-01-02 15:00:00,370.3,388.15,339.25,352.85,276050.0,96950.0,12.62596,21650.0,21661.05,248.2,263.3,234.7,254.65,338100.0,70950.0,14.932838
2024-01-02 15:15:00,352.85,363.8,350.25,352.25,36150.0,81700.0,12.58949,21650.0,21661.5,254.65,257.4,247.5,253.95,27700.0,68500.0,14.910935
2024-01-02 15:30:00,356.3,356.3,356.3,356.3,200.0,81700.0,12.816414,21650.0,21660.25,254.0,254.0,254.0,254.0,1050.0,68500.0,14.888704
2024-01-03 09:15:00,358.35,364.0,326.7,357.65,178900.0,665150.0,12.854542,21600.0,21624.35,259.4,275.45,240.0,250.0,353500.0,1012700.0,15.16554
2024-01-03 09:30:00,357.75,363.0,330.0,356.7,129150.0,65800.0,13.23203,21550.0,21561.05,250.0,270.1,246.6,250.2,178450.0,82650.0,14.938504
2024-01-03 09:45:00,356.7,361.85,326.2,334.5,78150.0,686500.0,12.768146,21600.0,21588.25,250.2,265.7,242.15,257.5,104950.0,968500.0,14.795886
2024-01-03 10:00:00,334.5,363.75,325.45,334.9,91650.0,691800.0,12.84296,21600.0,21586.4,257.5,267.9,236.95,257.15,125400.0,962200.0,14.743109
2024-01-03 10:15:00,334.9,364.65,333.7,357.1,24750.0,78000.0,13.251566,21550.0,21561.55,257.15,259.75,237.95,243.25,22100.0,86050.0,14.62115
2024-01-03 10:30:00,356.0,365.35,328.0,356.3,43550.0,75200.0,13.185126,21550.0,21562.7,243.25,263.1,233.2,247.0,49750.0,86550.0,14.826936
2024-01-03 10:45:00,356.3,356.3,342.5,350.65,9600.0,76400.0,12.901125,21550.0,21563.25,247.0,253.7,242.45,244.35,11600.0,86000.0,14.712746
2024-01-03 11:00:00,350.65,358.85,349.8,354.0,4350.0,75800.0,12.945095,21550.0,21567.55,244.35,247.05,242.3,242.3,2600.0,86750.0,14.702888
2024-01-03 11:15:00,354.0,364.2,325.85,355.4,16800.0,74900.0,13.153163,21550.0,21562.8,242.3,263.6,234.8,240.0,18950.0,86350.0,14.498531
2024-01-03 11:30:00,355.4,362.1,345.0,362.1,10300.0,75400.0,13.157623,21550.0,21574.15,240.0,246.85,236.8,237.9,6100.0,87400.0,14.627354
2024-01-03 11:45:00,331.55,369.55,331.5,365.5,66750.0,72750.0,13.317299,21550.0,21574.5,258.6,258.6,230.7,231.8,108250.0,91000.0,14.341776
2024-01-03 12:00:00,365.5,368.3,334.25,357.1,14500.0,72150.0,13.068525,21550.0,21569.15,231.8,252.1,229.9,238.3,14300.0,93000.0,14.550829
2024-01-03 12:15:00,357.1,364.5,326.9,334.55,27550.0,73700.0,12.993126,21550.0,21533.25,238.3,265.8,233.0,258.4,148700.0,93800.0,14.784723
2024-01-03 12:30:00,334.55,338.65,326.15,336.35,10600.0,75150.0,12.683088,21550.0,21547.7,258.4,267.4,248.7,250.2,24950.0,91550.0,14.692488
2024-01-03 12:45:00,336.2,347.55,332.2,347.05,14200.0,78350.0,12.800343,21550.0,21562.0,250.2,253.4,235.0,235.8,12450.0,89500.0,14.29258
2024-01-03 13:00:00,347.05,355.0,345.1,353.35,14500.0,73450.0,12.832171,21550.0,21571.7,235.8,239.3,231.0,234.7,11000.0,90350.0,14.436655
2024-01-03 13:15:00,354.6,354.75,321.0,349.6,8850.0,73350.0,12.64152,21550.0,21572.15,234.7,255.85,230.6,232.85,12500.0,87450.0,14.358324
2024-01-03 13:30:00,349.6,353.35,317.75,350.9,38300.0,71000.0,12.726877,21550.0,21571.55,232.85,254.35,227.9,231.3,29350.0,87150.0,14.273434
2024-01-03 13:45:00,350.95,351.55,313.3,341.55,28250.0,71250.0,12.421424,21550.0,21566.55,231.3,255.6,228.65,237.65,9150.0,87850.0,14.482181
2024-01-03 14:00:00,341.55,347.35,315.8,343.65,37050.0,73000.0,12.36874,21550.0,21572.05,237.65,256.45,230.9,235.0,43450.0,91750.0,14.466756
2024-01-03 14:15:00,343.65,343.65,328.7,332.1,12950.0,74450.0,12.301903,21550.0,21555.05,235.0,245.85,235.0,241.5,15500.0,89550.0,14.439133
2024-01-03 14:30:00,332.1,337.0,315.0,320.5,21950.0,76800.0,12.087477,21550.0,21542.95,242.05,253.3,236.95,244.4,16050.0,87950.0,14.332751
2024-01-03 14:45:00,320.5,337.3,320.1,334.7,19450.0,72250.0,12.310048,21550.0,21559.5,244.4,249.0,234.6,238.5,10500.0,85050.0,14.389147
2024-01-03 15:00:00,334.5,345.5,312.15,326.65,144150.0,1683450.0,11.796648,21500.0,21515.1,237.9,256.85,230.65,238.15,336300.0,2568700.0,14.515313
2024-01-03 15:15:00,328.15,334.65,303.1,332.45,162800.0,1694350.0,11.832543,21500.0,21523.7,237.1,256.6,233.25,236.95,293100.0,2571750.0,14.632927
2024-01-04 09:15:00,308.15,330.0,291.0,328.35,500050.0,927250.0,12.012123,21600.0,21619.65,260.05,269.95,227.7,228.65,523450.0,1191750.0,14.248745
2024-01-04 09:30:00,328.45,335.3,323.0,330.2,243800.0,984700.0,12.346144,21600.0,21611.55,228.95,233.6,224.25,226.4,289800.0,1254650.0,13.974364
2024-01-04 09:45:00,331.0,333.5,322.05,327.5,278550.0,1102150.0,12.486894,21600.0,21602.25,226.4,232.3,222.3,227.35,346700.0,1369850.0,13.83105
2024-01-04 10:00:00,328.55,337.5,305.7,312.5,172400.0,123750.0,12.307459,21650.0,21631.5,227.05,238.65,217.6,231.55,236700.0,78900.0,13.578573
2024-01-04 10:15:00,312.5,325.35,312.5,317.15,38750.0,121900.0,12.396524,21650.0,21636.6,231.55,232.0,223.85,228.05,44300.0,103100.0,13.517274
2024-01-04 10:30:00,318.65,322.85,316.75,319.5,14600.0,126850.0,12.514837,21650.0,21636.65,227.6,228.0,223.2,225.4,11850.0,105200.0,13.39093
2024-01-04 10:45:00,319.5,319.5,312.0,315.8,11850.0,128000.0,12.382097,21650.0,21635.1,225.4,228.2,224.8,226.8,12950.0,108850.0,13.42869
2024-01-04 11:00:00,315.8,325.8,314.7,325.7,26600.0,139100.0,12.428317,21650.0,21650.75,226.8,227.3,221.9,222.45,12800.0,111450.0,13.544526
2024-01-04 11:15:00,325.7,328.7,316.8,319.2,30900.0,131900.0,12.242488,21650.0,21646.25,222.45,227.7,220.65,224.0,21350.0,118400.0,13.529047
2024-01-04 11:30:00,319.2,323.0,316.0,321.1,23750.0,135800.0,12.474099,21650.0,21641.55,224.0,225.1,220.8,222.3,14400.0,124900.0,13.349848
2024-01-04 11:45:00,321.1,327.3,321.1,326.65,25050.0,132050.0,12.68452,21650.0,21643.9,222.3,222.3,217.0,217.0,10750.0,126300.0,13.141282
2024-01-04 12:00:00,326.65,329.45,323.4,324.15,22650.0,131000.0,12.617686,21650.0,21642.1,217.0,219.8,215.1,219.35,20800.0,125650.0,13.220821
2024-01-04 12:15:00,324.15,337.4,324.0,335.7,30350.0,132000.0,12.513912,21650.0,21665.65,219.35,219.35,210.85,211.25,11400.0,126650.0,13.310287
2024-01-04 12:30:00,335.55,336.55,328.65,334.0,8150.0,131400.0,12.390817,21650.0,21667.15,211.25,215.1,211.25,212.7,9050.0,125050.0,13.414262
2024-01-04 12:45:00,334.0,336.45,330.3,331.95,7700.0,132000.0,12.526167,21650.0,21659.2,212.7,214.4,210.2,213.15,23650.0,134950.0,13.276038
2024-01-04 13:00:00,331.95,338.7,330.0,337.6,6000.0,133550.0,12.540428,21650.0,21668.45,213.15,215.9,210.0,212.55,6400.0,136100.0,13.437363
2024-01-04 13:15:00,336.95,337.9,332.1,332.2,8900.0,133800.0,12.535133,21650.0,21659.65,212.55,216.2,212.55,215.0,30250.0,146900.0,13.380298
2024-01-04 13:30:00,332.2,340.0,330.4,338.95,8850.0,133350.0,12.691536,21650.0,21665.9,214.95,215.6,202.7,205.4,52950.0,140000.0,13.099486
2024-01-04 13:45:00,338.95,339.95,327.05,329.0,24650.0,140500.0,12.359157,21650.0,21660.6,205.4,209.95,205.4,208.95,16250.0,143850.0,13.105712
2024-01-04 14:00:00,329.0,333.35,321.45,328.0,25900.0,131850.0,12.485614,21650.0,21654.7,208.95,214.75,207.95,212.9,16700.0,145550.0,13.18106
2024-01-04 14:15:00,328.0,328.0,313.05,318.2,31900.0,133250.0,12.171334,21650.0,21649.0,212.9,218.4,211.45,216.35,19650.0,149300.0,13.234795
2024-01-04 14:30:00,318.2,322.9,312.4,312.4,19200.0,150850.0,12.013617,21650.0,21644.7,215.6,217.5,212.0,216.0,16000.0,152000.0,13.130083
2024-01-04 14:45:00,312.4,321.15,311.85,320.0,19350.0,150450.0,12.232205,21650.0,21650.3,216.0,216.9,212.35,212.9,11000.0,152350.0,13.095968
2024-01-04 15:00:00,322.35,329.25,320.2,323.95,71600.0,148550.0,12.390117,21650.0,21651.75,212.9,212.9,202.05,203.6,33750.0,155050.0,12.669738
2024-01-04 15:15:00,323.95,349.65,307.7,347.0,120850.0,140900.0,13.016238,21650.0,21669.6,203.6,211.55,187.95,190.0,136500.0,153350.0,12.362398
2024-01-05 09:15:00,277.5,309.75,267.8,298.85,137500.0,1643900.0,10.812857,21700.0,21722.95,235.45,246.6,201.6,202.95,149900.0,1779400.0,13.193349
2024-01-05 09:30:00,269.7,279.35,268.7,275.5,23000.0,155600.0,10.957566,21750.0,21727.6,223.35,224.45,215.1,218.25,23200.0,124200.0,12.978524
2024-01-05 09:45:00,305.7,306.85,273.45,279.0,28300.0,161600.0,10.754535,21750.0,21740.8,197.2,220.5,195.4,217.6,31300.0,128100.0,13.231624
2024-01-05 10:00:00,279.0,279.0,272.0,272.0,18750.0,165250.0,10.708517,21750.0,21730.5,217.6,221.2,216.1,221.2,15600.0,128600.0,13.19166
2024-01-05 10:15:00,272.0,299.8,266.8,270.2,26850.0,168950.0,10.53748,21750.0,21733.45,221.2,224.65,200.25,220.6,21400.0,130300.0,13.227459
2024-01-05 10:30:00,270.2,303.0,270.2,289.6,56900.0,1605100.0,10.901523,21700.0,21705.4,220.6,220.6,199.3,207.75,65950.0,1765200.0,13.079377
2024-01-05 10:45:00,289.6,304.6,266.5,274.85,179650.0,1618550.0,10.664563,21700.0,21688.5,207.75,232.9,205.0,222.05,242550.0,1745900.0,13.437135
2024-01-05 11:00:00,274.85,286.2,271.95,281.1,146550.0,1610650.0,10.846637,21700.0,21693.15,222.3,228.5,211.8,216.65,136900.0,1753450.0,13.269251
2024-01-05 11:15:00,280.85,309.05,270.0,278.05,53800.0,1614300.0,10.901678,21700.0,21686.2,216.65,227.55,200.0,220.0,76550.0,1756700.0,13.289513
2024-01-05 11:30:00,277.15,281.5,267.65,270.2,45000.0,1624600.0,10.609719,21700.0,21682.85,220.65,228.85,217.0,224.9,97250.0,1762400.0,13.463688
2024-01-05 11:45:00,270.65,300.0,260.7,272.3,94000.0,1627250.0,10.755988,21700.0,21681.6,224.25,232.45,205.0,220.2,93350.0,1752900.0,13.204247
2024-01-05 12:00:00,272.3,288.35,270.0,282.45,160300.0,1636350.0,11.005002,21700.0,21690.7,220.2,222.0,205.65,212.75,170150.0,1767000.0,13.030049
2024-01-05 12:15:00,282.5,295.75,282.5,288.55,127700.0,1644450.0,11.063117,21700.0,21699.3,212.85,212.85,200.65,206.2,128550.0,1792000.0,12.887101
2024-01-05 12:30:00,288.55,290.25,277.7,280.85,52550.0,1640300.0,10.958672,21700.0,21689.85,206.25,214.0,204.2,212.0,77100.0,1794150.0,12.97834
2024-01-05 12:45:00,280.85,286.85,275.0,275.1,77850.0,1628400.0,11.00288,21700.0,21678.55,212.0,217.5,208.0,217.25,63950.0,1795600.0,12.998926
2024-01-05 13:00:00,275.8,283.9,274.35,282.0,53550.0,1630400.0,10.848921,21700.0,21695.85,216.55,217.85,208.1,209.25,70900.0,1798850.0,12.972793
2024-01-05 13:15:00,282.0,285.0,278.0,279.2,138800.0,1621700.0,10.801065,21700.0,21692.85,209.25,213.7,207.0,213.0,70100.0,1802550.0,13.09872
2024-01-05 13:30:00,278.7,294.8,264.85,270.25,72350.0,1612050.0,10.728335,21700.0,21680.1,213.0,224.15,201.65,220.0,137600.0,1811800.0,13.176016
2024-01-05 13:45:00,270.25,303.5,269.0,276.3,35150.0,1609950.0,11.058442,21700.0,21679.35,220.0,221.35,197.1,214.0,52850.0,1804250.0,12.861832
2024-01-05 14:00:00,306.85,307.35,275.0,278.1,28350.0,143750.0,10.602821,21650.0,21649.2,194.05,222.2,193.6,216.95,42250.0,147600.0,13.463767
2024-01-05 14:15:00,278.1,283.75,262.6,271.05,17750.0,144200.0,10.430911,21650.0,21643.15,216.95,233.0,212.0,223.6,52100.0,149800.0,13.670159
2024-01-05 14:30:00,271.05,282.6,252.7,261.6,47600.0,1662550.0,10.337443,21700.0,21679.2,225.05,231.5,210.65,224.2,62950.0,1861050.0,13.37461
2024-01-05 14:45:00,261.0,291.95,260.9,285.65,348550.0,1633150.0,10.852518,21700.0,21703.0,224.45,224.9,196.75,202.75,432600.0,1809350.0,12.811974
2024-01-05 15:00:00,285.0,303.9,284.65,293.9,492150.0,1680400.0,10.909627,21700.0,21715.1,202.65,202.65,185.2,190.8,431500.0,1856350.0,12.464491
2024-01-05 15:15:00,292.85,292.85,273.1,279.5,292400.0,1734050.0,10.350491,21700.0,21709.55,191.65,205.0,191.65,195.0,302850.0,1888800.0,12.562978
2024-01-05 15:30:00,275.35,275.35,275.35,275.35,600.0,1734050.0,10.267764,21700.0,21705.35,,,,,,,
2024-01-08 09:15:00,249.0,288.2,244.55,252.6,70550.0,160500.0,11.23818,21750.0,21725.35,220.0,225.0,194.0,217.85,100150.0,152850.0,13.553367
2024-01-08 09:30:00,281.2,284.05,250.0,275.5,150500.0,125950.0,11.135598,21650.0,21670.35,196.1,219.85,195.0,201.65,278400.0,145700.0,13.783425
2024-01-08 09:45:00,275.5,277.25,246.1,250.2,105550.0,1618700.0,11.153815,21700.0,21675.3,201.65,225.0,200.85,221.85,119900.0,1941850.0,13.797744
2024-01-08 10:00:00,277.2,278.1,248.1,261.4,145200.0,1619800.0,11.222281,21700.0,21692.9,200.9,222.55,200.0,210.95,182950.0,1974050.0,13.631418
2024-01-08 10:15:00,261.4,265.95,251.05,264.0,144600.0,1628100.0,11.189752,21700.0,21698.6,210.95,221.0,207.6,209.0,127550.0,2013850.0,13.662188
2024-01-08 10:30:00,264.0,284.25,253.75,255.65,261750.0,1636150.0,11.363135,21700.0,21678.6,208.25,215.4,191.25,213.85,319800.0,2061800.0,13.454451
2024-01-08 10:45:00,255.65,283.85,250.7,254.9,46550.0,133900.0,11.169012,21650.0,21634.85,212.35,218.85,193.5,218.0,93250.0,175550.0,13.85555
2024-01-08 11:00:00,256.7,289.8,255.0,275.55,170750.0,922800.0,11.215492,21600.0,21620.0,216.7,217.9,194.7,204.9,256000.0,1459850.0,13.995557
2024-01-08 11:15:00,273.95,279.1,244.35,252.0,106550.0,144550.0,11.22546,21650.0,21628.25,205.45,224.55,197.55,217.1,182650.0,173650.0,13.654591
2024-01-08 11:30:00,252.3,279.75,246.9,261.8,35900.0,139500.0,11.419881,21650.0,21639.35,217.1,222.0,198.0,207.0,29500.0,174650.0,13.375665
2024-01-08 11:45:00,261.8,289.55,252.0,273.8,72450.0,59900.0,11.58794,21550.0,21557.1,207.8,217.75,191.65,210.7,151300.0,93900.0,14.048623
2024-01-08 12:00:00,274.55,283.1,252.0,260.4,96050.0,989150.0,11.487514,21600.0,21586.15,210.0,226.75,198.3,219.0,91100.0,1391700.0,13.98076
2024-01-08 12:15:00,259.65,266.65,253.15,258.15,77650.0,1002100.0,11.40449,21600.0,21585.05,218.55,222.55,211.7,217.9,91800.0,1413350.0,13.897585
2024-01-08 12:30:00,258.1,278.0,257.8,270.3,147700.0,1027100.0,11.5601,21600.0,21601.4,218.15,218.15,196.5,201.9,295550.0,1479950.0,13.41778
2024-01-08 12:45:00,270.2,286.0,256.75,283.0,74150.0,65550.0,11.724572,21550.0,21569.2,201.9,217.6,196.0,198.85,109200.0,95100.0,13.692399
2024-01-08 13:00:00,254.55,290.85,254.0,258.0,29950.0,1033150.0,11.696618,21600.0,21575.8,221.4,221.65,191.25,212.0,63150.0,1462700.0,13.363533
2024-01-08 13:15:00,258.0,287.85,256.6,264.05,43900.0,1035150.0,11.827398,21600.0,21582.45,212.0,212.7,191.1,207.35,58550.0,1465650.0,13.273661
2024-01-08 13:30:00,263.65,290.0,255.85,283.9,65150.0,69950.0,12.017704,21550.0,21562.2,207.55,217.25,191.4,200.0,47900.0,95200.0,13.601875
2024-01-08 13:45:00,283.9,290.0,256.5,264.9,16200.0,1043550.0,11.79829,21600.0,21585.25,200.0,216.45,189.9,203.9,39650.0,1458200.0,13.158191
2024-01-08 14:00:00,264.9,273.05,258.45,269.4,86650.0,1050250.0,11.988715,21600.0,21587.2,203.9,209.15,193.7,200.7,154300.0,1486750.0,13.033098
2024-01-08 14:15:00,269.9,296.15,265.0,278.6,97250.0,64300.0,12.137043,21550.0,21549.85,200.7,203.75,181.1,201.1,97850.0,102900.0,13.381581
2024-01-08 14:30:00,278.6,298.85,260.0,262.0,51350.0,70400.0,11.940245,21550.0,21527.15,201.1,217.5,186.5,213.7,138650.0,97750.0,13.52947
2024-01-08 14:45:00,262.0,294.9,262.0,265.1,28500.0,72600.0,12.105659,21550.0,21527.45,213.7,217.0,190.5,209.2,40300.0,107050.0,13.294353
2024-01-08 15:00:00,265.1,296.75,259.6,283.95,135950.0,1556150.0,12.246999,21500.0,21507.3,209.2,221.0,187.35,207.8,424750.0,3084800.0,13.958026
2024-01-08 15:15:00,285.4,290.05,272.35,276.0,208450.0,1592250.0,11.683412,21500.0,21511.35,207.15,214.5,201.8,209.0,605350.0,3141900.0,14.121755
2024-01-08 15:30:00,277.0,277.0,277.0,277.0,350.0,1592250.0,11.747168,21500.0,21511.1,208.8,208.8,208.8,208.8,750.0,3141900.0,14.105103
2024-01-09 09:15:00,240.0,273.0,210.0,270.2,81900.0,150850.0,11.556646,21650.0,21664.55,210.45,210.45,181.85,183.75,76850.0,158250.0,12.917995
2024-01-09 09:30:00,270.2,291.85,255.45,277.75,91500.0,1237150.0,12.245408,21600.0,21607.7,183.75,200.0,177.8,190.55,133250.0,1465600.0,13.163897
2024-01-09 09:45:00,276.25,284.8,248.2,248.3,172400.0,147000.0,11.587579,21650.0,21625.75,190.55,206.8,180.5,205.0,259550.0,161900.0,13.169955
2024-01-09 10:00:00,249.0,266.9,249.0,265.75,22100.0,149350.0,11.56048,21650.0,21657.35,205.0,205.0,191.6,192.75,43350.0,159600.0,13.258845
2024-01-09 10:15:00,265.75,277.8,248.35,255.35,292450.0,1845900.0,11.625439,21700.0,21686.35,192.75,205.8,187.05,200.45,278900.0,2098400.0,13.158735
2024-01-09 10:30:00,254.25,280.0,249.1,278.4,290650.0,1875550.0,12.231355,21700.0,21707.8,200.45,203.05,188.0,188.7,275500.0,2144250.0,13.023919
2024-01-09 10:45:00,277.15,281.0,256.45,260.05,183500.0,1886850.0,12.095263,21700.0,21680.05,189.25,198.75,187.0,197.35,233700.0,2183150.0,12.837767
2024-01-09 11:00:00,260.05,272.95,256.45,265.5,136600.0,1902050.0,11.906663,21700.0,21695.85,197.35,199.45,186.0,191.3,183300.0,2181000.0,12.888505
2024-01-09 11:15:00,265.05,268.05,255.35,263.1,102550.0,1904900.0,12.065362,21700.0,21686.8,191.5,198.65,189.75,192.75,113800.0,2189050.0,12.752601
2024-01-09 11:30:00,263.1,275.0,263.0,272.0,146800.0,1953400.0,12.303166,21700.0,21695.15,192.75,192.75,186.45,188.55,158150.0,2262700.0,12.723685
2024-01-09 11:45:00,272.0,283.0,268.2,274.7,181200.0,1985400.0,12.325912,21700.0,21699.35,188.55,189.65,182.0,185.5,203450.0,2316200.0,12.657079
2024-01-09 12:00:00,274.7,276.65,263.0,266.7,92150.0,2004150.0,12.169874,21700.0,21690.4,185.5,194.0,184.3,191.2,114150.0,2324300.0,12.761615
2024-01-09 12:15:00,266.7,283.15,265.25,279.9,93500.0,2023400.0,12.429452,21700.0,21705.55,191.2,191.85,183.9,185.35,105550.0,2333950.0,12.801949
2024-01-09 12:30:00,279.9,289.55,270.0,274.4,130000.0,2038150.0,12.175885,21700.0,21704.05,185.35,192.0,181.3,190.5,136150.0,2367450.0,13.056681
2024-01-09 12:45:00,274.4,279.95,270.35,277.0,70450.0,2045950.0,11.962529,21700.0,21715.25,190.5,192.7,186.35,188.3,90750.0,2370200.0,13.202486
2024-01-09 13:00:00,276.1,281.65,271.9,276.05,88200.0,2037400.0,12.205767,21700.0,21706.35,189.95,191.5,186.2,188.8,92300.0,2351400.0,13.02198
2024-01-09 13:15:00,276.05,276.8,265.0,274.4,89150.0,2034350.0,11.977436,21700.0,21710.7,188.8,193.7,186.3,187.4,81200.0,2370000.0,13.049823
2024-01-09 13:30:00,274.45,275.95,261.35,271.2,78950.0,2019550.0,12.104002,21700.0,21701.45,187.2,195.7,187.0,191.4,158400.0,2391600.0,13.055495
2024-01-09 13:45:00,271.2,283.85,250.0,253.85,116200.0,2008750.0,11.881691,21700.0,21678.05,191.4,201.0,179.6,198.25,174450.0,2394350.0,12.869588
2024-01-09 14:00:00,253.85,289.8,250.95,265.8,114350.0,145350.0,11.718742,21650.0,21655.4,198.4,200.6,177.0,189.85,145600.0,184750.0,13.093774
2024-01-09 14:15:00,265.5,298.8,252.85,278.2,227150.0,60200.0,12.365353,21550.0,21559.35,189.85,200.85,173.5,191.15,394400.0,107950.0,13.315014
2024-01-09 14:30:00,278.2,295.8,257.35,274.3,98500.0,65150.0,12.284727,21550.0,21555.25,191.15,211.55,177.75,200.0,131100.0,113950.0,13.717973
2024-01-09 14:45:00,274.3,284.7,246.65,249.6,93100.0,1281200.0,11.785286,21600.0,21576.45,200.0,218.45,185.85,213.8,180700.0,1493400.0,13.758592
2024-01-09 15:00:00,280.6,280.6,254.35,256.4,28700.0,77400.0,11.712833,21550.0,21542.05,192.65,204.0,190.0,196.3,44250.0,119350.0,13.193134
2024-01-09 15:15:00,256.4,282.55,251.3,271.75,99350.0,83350.0,12.265751,21550.0,21551.95,196.4,203.9,180.05,193.45,148050.0,112300.0,13.277215
2024-01-10 09:15:00,239.4,274.3,238.45,247.35,204450.0,1644600.0,12.106292,21500.0,21478.2,198.0,218.2,192.55,218.2,352400.0,2974100.0,14.334613
2024-01-10 09:30:00,247.5,271.5,230.3,261.15,435850.0,101200.0,11.877915,21550.0,21558.6,217.3,235.5,188.8,200.25,595600.0,114700.0,14.048708
2024-01-10 09:45:00,262.0,284.0,242.6,252.15,59400.0,98800.0,11.974271,21550.0,21540.15,199.25,219.75,191.75,209.15,126200.0,113600.0,14.100194
2024-01-10 10:00:00,252.15,278.0,243.15,251.9,84700.0,105100.0,11.910303,21550.0,21541.85,209.15,220.05,191.55,210.0,167900.0,118600.0,14.195691
2024-01-10 10:15:00,251.9,271.0,242.0,245.55,39250.0,108200.0,11.782608,21550.0,21534.7,210.0,221.3,190.5,217.1,50050.0,120600.0,14.424553
2024-01-10 10:30:00,245.55,260.9,245.55,247.2,39050.0,114150.0,12.041931,21550.0,21529.8,217.1,217.1,201.75,215.0,27400.0,122750.0,14.180604
2024-01-10 10:45:00,247.2,276.85,242.95,245.75,79550.0,114650.0,12.098859,21550.0,21525.6,215.0,219.35,193.35,215.1,133400.0,123750.0,14.080623
2024-01-10 11:00:00,272.0,274.8,239.75,249.6,54400.0,121150.0,11.788285,21550.0,21542.25,196.25,222.45,194.45,209.75,96000.0,120100.0,14.204537
2024-01-10 11:15:00,249.6,257.0,246.35,253.75,35200.0,140150.0,12.046051,21550.0,21541.9,209.75,213.05,204.0,205.55,11550.0,122150.0,13.956568
2024-01-10 11:30:00,253.75,263.75,247.0,260.25,33450.0,151450.0,12.190057,21550.0,21549.15,205.55,212.8,197.25,204.65,14350.0,125900.0,14.091808
2024-01-10 11:45:00,260.25,260.25,247.9,252.5,20500.0,152150.0,12.150709,21550.0,21536.85,204.65,213.0,204.65,209.5,13050.0,125350.0,14.061695
2024-01-10 12:00:00,252.5,275.85,241.25,272.65,68300.0,1765850.0,12.166978,21500.0,21522.65,209.5,218.2,194.25,196.6,134300.0,3216850.0,14.245689
2024-01-10 12:15:00,272.65,275.3,262.15,268.8,93050.0,1766000.0,12.192815,21500.0,21515.5,196.4,206.1,195.8,200.65,203850.0,3183700.0,14.307693
2024-01-10 12:30:00,268.8,274.65,244.5,261.7,71250.0,1774200.0,12.189571,21500.0,21503.5,200.65,214.0,190.4,204.1,147300.0,3195250.0,14.210582
2024-01-10 12:45:00,262.85,276.5,249.05,260.65,311050.0,1804100.0,12.362304,21500.0,21496.65,203.65,219.55,186.5,205.6,564450.0,3230750.0,14.127152
2024-01-10 13:00:00,260.5,273.7,258.0,268.25,118350.0,1806550.0,12.355806,21500.0,21510.3,205.9,209.8,192.4,195.75,188800.0,3224350.0,13.902661
2024-01-10 13:15:00,268.9,271.45,257.05,261.25,134650.0,1821100.0,12.436132,21500.0,21495.85,196.3,206.9,193.55,202.9,176000.0,3234900.0,13.95662
2024-01-10 13:30:00,261.25,266.0,250.0,263.5,147800.0,1842950.0,12.359543,21500.0,21502.3,202.9,212.45,196.4,196.6,211950.0,3258300.0,13.757467
2024-01-10 13:45:00,263.65,276.9,242.5,246.65,134700.0,168300.0,12.224115,21550.0,21525.6,196.0,212.5,184.95,207.4,219350.0,123600.0,13.674661
2024-01-10 14:00:00,246.65,278.45,246.65,250.4,126000.0,167650.0,12.24489,21550.0,21531.9,207.4,207.45,183.25,199.8,134150.0,125000.0,13.401997
2024-01-10 14:15:00,250.4,288.0,246.5,269.9,111000.0,1817650.0,12.21169,21500.0,21518.3,199.8,205.85,175.95,186.0,157300.0,3281450.0,13.548713
2024-01-10 14:30:00,241.5,280.0,240.65,271.05,69750.0,152450.0,12.212362,21550.0,21569.4,206.5,206.7,173.95,182.45,60700.0,132500.0,13.345395
2024-01-10 14:45:00,271.05,276.95,244.15,263.45,330800.0,1482450.0,12.202037,21600.0,21605.75,182.45,199.35,174.75,179.6,306450.0,1606650.0,12.819432
2024-01-10 15:00:00,262.0,284.0,245.4,265.75,457600.0,1446450.0,12.226466,21600.0,21609.2,180.0,188.3,162.4,172.85,435850.0,1609200.0,12.514978
2024-01-10 15:15:00,266.1,278.0,244.9,250.65,251350.0,174450.0,12.428559,21650.0,21625.4,173.05,185.1,161.0,179.1,272300.0,166850.0,12.004273
2024-01-10 15:30:00,279.0,279.0,279.0,279.0,400.0,1412350.0,12.510982,21600.0,21623.8,158.0,158.0,158.0,158.0,50.0,1591150.0,12.006051
2024-01-11 09:15:00,241.0,249.6,232.35,239.15,620950.0,1749200.0,11.199267,21700.0,21704.7,193.85,200.95,175.0,184.8,734500.0,1992850.0,13.27404
2024-01-11 09:30:00,239.65,241.35,223.0,226.0,298450.0,1793400.0,11.153297,21700.0,21683.15,184.6,202.0,183.65,200.0,455000.0,2093950.0,13.614923
2024-01-11 09:45:00,226.1,254.05,221.65,250.0,150500.0,175700.0,11.195374,21650.0,21674.6,199.15,204.35,179.5,182.0,165500.0,178500.0,13.645215
2024-01-11 10:00:00,250.0,250.0,239.9,246.5,37600.0,196050.0,11.078382,21650.0,21672.15,182.0,190.55,181.65,183.95,41500.0,190200.0,13.703424
2024-01-11 10:15:00,218.0,251.8,218.0,238.15,89200.0,218000.0,10.979136,21650.0,21660.95,206.15,206.15,179.35,188.7,66300.0,191950.0,13.705369
2024-01-11 10:30:00,238.15,243.65,228.9,236.4,57600.0,229850.0,10.767302,21650.0,21664.15,188.7,197.0,183.0,187.65,54100.0,203050.0,13.728037
2024-01-11 10:45:00,236.4,238.1,221.1,232.55,30050.0,241000.0,10.7657,21650.0,21657.8,187.65,203.35,186.5,191.9,52500.0,209900.0,13.821881
2024-01-11 11:00:00,232.55,233.5,227.3,230.35,20700.0,241800.0,10.742829,21650.0,21654.85,191.6,197.7,191.2,194.15,23650.0,217050.0,13.883105
2024-01-11 11:15:00,230.35,235.5,229.0,229.5,71950.0,293300.0,10.71184,21650.0,21654.45,194.15,198.0,190.0,196.65,30350.0,225950.0,14.02505
2024-01-11 11:30:00,229.5,235.2,223.1,234.3,40250.0,304050.0,10.677635,21650.0,21663.8,196.65,201.55,189.2,189.45,24650.0,221800.0,13.840299
2024-01-11 11:45:00,234.3,237.1,231.95,234.3,19050.0,301550.0,10.728036,21650.0,21662.55,189.45,192.55,187.35,191.3,11500.0,223100.0,13.922187
2024-01-11 12:00:00,234.3,237.75,231.2,231.65,17000.0,299000.0,10.764827,21650.0,21657.15,191.3,193.35,187.5,193.15,11850.0,225100.0,13.896943
2024-01-11 12:15:00,231.3,237.9,229.05,237.1,16500.0,296650.0,10.758081,21650.0,21666.8,193.15,195.0,186.0,186.5,39150.0,227100.0,13.751081
2024-01-11 12:30:00,237.1,243.25,234.7,240.8,24550.0,297750.0,10.830288,21650.0,21671.2,186.5,188.35,181.6,183.05,31150.0,219150.0,13.659879
2024-01-11 12:45:00,240.55,246.3,214.0,243.45,69050.0,295050.0,10.941127,21650.0,21672.75,183.05,204.8,176.85,178.5,57950.0,220250.0,13.429636
2024-01-11 13:00:00,243.45,244.4,211.75,240.65,51950.0,299150.0,10.756022,21650.0,21673.35,178.4,200.85,176.4,178.0,49400.0,222100.0,13.418141
2024-01-11 13:15:00,240.65,243.05,211.2,233.65,67850.0,297850.0,10.691758,21650.0,21663.5,178.0,201.05,174.95,183.0,35350.0,224750.0,13.470871
2024-01-11 13:30:00,233.65,234.3,227.05,233.05,19250.0,296800.0,10.634908,21650.0,21664.25,183.0,189.75,181.4,181.5,22850.0,226600.0,13.40355
2024-01-11 13:45:00,233.05,234.2,229.0,232.65,17350.0,302200.0,10.570373,21650.0,21665.55,181.5,186.85,177.9,181.15,17650.0,232250.0,13.41915
2024-01-11 14:00:00,232.65,244.1,209.45,236.4,168950.0,1346850.0,11.16199,21600.0,21606.3,181.15,204.3,177.0,188.4,142050.0,1541100.0,13.645275
2024-01-11 14:15:00,236.0,240.3,210.9,226.0,310100.0,331250.0,10.631698,21650.0,21652.8,189.25,205.7,180.15,188.9,277000.0,231300.0,13.561198
2024-01-11 14:30:00,224.45,227.7,216.3,223.3,57300.0,332850.0,10.661126,21650.0,21647.45,189.65,197.6,184.5,191.45,51400.0,240400.0,13.577195
2024-01-11 14:45:00,223.15,228.0,220.7,224.15,55850.0,336900.0,10.448102,21650.0,21655.2,191.45,193.9,180.75,183.85,36600.0,251250.0,13.327976
2024-01-11 15:00:00,224.3,225.2,209.25,218.85,75000.0,343000.0,10.434898,21650.0,21646.6,183.85,200.7,182.9,193.0,90200.0,250450.0,13.654309
2024-01-11 15:15:00,218.85,229.3,218.85,229.3,75250.0,337200.0,10.264556,21650.0,21669.4,193.0,194.0,188.0,188.0,82500.0,262100.0,13.94968
2024-01-12 09:15:00,220.2,240.25,193.2,211.2,398000.0,285400.0,10.811017,21750.0,21733.45,190.4,210.75,162.9,183.2,368350.0,189850.0,12.905311
2024-01-12 09:30:00,210.95,238.4,201.3,211.95,169550.0,291500.0,10.677273,21750.0,21738.85,183.25,190.65,161.75,183.85,189700.0,214100.0,13.095831
2024-01-12 09:45:00,211.95,221.4,209.0,220.15,149550.0,318200.0,10.624901,21750.0,21754.85,183.5,183.5,173.65,174.15,122100.0,273550.0,12.935604
2024-01-12 10:00:00,220.6,235.8,201.6,226.8,675000.0,1517550.0,11.022488,21800.0,21804.5,174.15,188.25,166.65,178.6,710900.0,1643850.0,13.177473
2024-01-12 10:15:00,225.9,249.6,213.1,239.35,435850.0,1545200.0,11.331848,21800.0,21817.65,180.0,195.45,169.3,172.9,449400.0,1697800.0,13.177948
2024-01-12 10:30:00,239.65,255.3,215.2,244.15,365350.0,1591850.0,11.524874,21800.0,21820.7,173.55,193.0,166.1,172.4,483350.0,1791800.0,13.230305
2024-01-12 10:45:00,244.0,245.2,213.8,224.05,80500.0,196350.0,11.474632,21850.0,21836.3,172.35,194.05,169.95,189.1,120950.0,140650.0,13.313393
2024-01-12 11:00:00,224.45,244.55,212.45,239.75,157400.0,1626900.0,11.212824,21800.0,21822.15,188.6,193.25,170.3,172.6,172700.0,1944000.0,13.287544
2024-01-12 11:15:00,211.05,226.5,210.85,222.05,61150.0,214550.0,11.211167,21850.0,21840.8,194.45,194.7,185.95,186.55,38000.0,165950.0,13.287459
2024-01-12 11:30:00,223.45,227.7,215.0,222.0,43700.0,221100.0,11.353817,21850.0,21836.75,186.55,192.3,185.55,188.3,22150.0,171750.0,13.287494
2024-01-12 11:45:00,222.2,230.0,219.7,223.5,49350.0,232600.0,11.528904,21850.0,21834.5,188.3,191.1,184.55,190.0,29900.0,181250.0,13.333145
2024-01-12 12:00:00,222.75,249.25,210.7,212.0,254450.0,255000.0,11.068509,21850.0,21827.55,190.0,194.25,169.5,193.2,253650.0,186750.0,13.34025
2024-01-12 12:15:00,212.4,243.1,210.85,214.65,34050.0,265800.0,11.214912,21850.0,21828.2,193.2,195.15,170.35,192.45,32050.0,185850.0,13.316065
2024-01-12 12:30:00,214.65,220.0,209.15,211.95,33500.0,271550.0,11.04625,21850.0,21828.5,192.45,196.65,188.05,194.65,43700.0,199950.0,13.462064
2024-01-12 12:45:00,211.95,243.8,211.95,232.85,129250.0,269050.0,11.637516,21850.0,21848.75,194.65,194.65,178.1,182.15,92850.0,222500.0,13.254531
2024-01-12 13:00:00,232.85,240.25,226.8,230.2,83950.0,270600.0,11.677766,21850.0,21843.1,181.55,184.0,178.8,181.15,95350.0,271150.0,13.044285
2024-01-12 13:15:00,231.35,244.2,225.55,239.0,47550.0,270850.0,11.748504,21850.0,21856.75,181.2,183.0,172.6,175.25,92600.0,265250.0,13.052171
2024-01-12 13:30:00,238.65,246.7,215.75,225.55,275600.0,1027350.0,11.583261,21900.0,21887.0,175.25,189.45,166.55,183.25,208400.0,823850.0,12.988925
2024-01-12 13:45:00,225.9,237.85,220.55,231.25,251500.0,1070900.0,11.731319,21900.0,21893.05,183.2,186.95,181.05,183.05,217850.0,913750.0,13.144623
2024-01-12 14:00:00,231.6,254.7,218.5,223.85,134350.0,1068750.0,11.760786,21900.0,21879.1,182.65,191.75,166.15,188.5,127300.0,933600.0,13.099347
2024-01-12 14:15:00,222.7,241.1,220.95,233.15,229650.0,1080700.0,11.921638,21900.0,21891.3,188.5,190.35,178.45,182.8,166600.0,947350.0,13.08888
2024-01-12 14:30:00,232.4,262.65,225.9,247.9,348850.0,1074800.0,12.012478,21900.0,21914.8,182.8,188.35,165.55,172.0,356100.0,1020750.0,13.057593
2024-01-12 14:45:00,247.5,248.85,231.15,240.45,299100.0,1098250.0,11.923387,21900.0,21904.55,172.0,180.8,170.55,177.35,309250.0,1029050.0,13.118648
2024-01-12 15:00:00,240.45,246.45,212.7,221.4,478250.0,1073300.0,11.723819,21900.0,21876.55,177.7,190.15,167.35,187.4,535000.0,1030500.0,12.975351
2024-01-12 15:15:00,221.85,244.9,219.85,244.9,442050.0,1100200.0,12.081089,21900.0,21908.25,185.5,186.8,162.45,168.7,495750.0,1078850.0,12.692043
2024-01-12 15:30:00,241.55,241.55,241.55,241.55,250.0,1100200.0,11.883788,21900.0,21908.0,168.3,168.3,168.3,168.3,300.0,1078850.0,12.66102
2024-01-15 09:15:00,184.95,229.35,184.9,219.15,311700.0,226400.0,11.847957,22050.0,22071.2,194.95,201.5,173.6,176.1,213200.0,129250.0,14.603224
2024-01-15 09:30:00,219.0,223.0,187.45,206.8,142050.0,257950.0,12.112309,22050.0,22042.8,176.1,202.85,174.6,190.0,125850.0,149150.0,14.696146
2024-01-15 09:45:00,206.25,232.2,189.65,206.65,942350.0,2570650.0,12.520673,22000.0,21982.75,190.0,198.5,170.95,193.0,1228450.0,2245500.0,14.620424
2024-01-15 10:00:00,234.6,234.6,198.85,216.9,1175750.0,2826350.0,12.184739,22000.0,22010.25,172.0,200.8,171.4,177.2,1035700.0,2376650.0,14.394369
2024-01-15 10:15:00,216.8,223.65,197.0,197.1,460700.0,305900.0,12.126399,22050.0,22025.3,177.8,197.9,172.65,197.05,441050.0,201650.0,14.642527
2024-01-15 10:30:00,222.05,225.95,194.5,198.65,146600.0,316950.0,12.023065,22050.0,22031.2,176.0,199.6,173.0,195.4,116550.0,208550.0,14.722983
2024-01-15 10:45:00,200.3,224.65,195.5,207.3,68850.0,313550.0,12.03699,22050.0,22046.8,195.35,198.55,173.35,186.2,78700.0,226000.0,14.587608
2024-01-15 11:00:00,207.65,207.8,198.5,205.35,57500.0,318400.0,12.090471,22050.0,22042.1,187.0,195.4,186.4,190.15,39100.0,239850.0,14.717634
2024-01-15 11:15:00,205.35,216.4,203.45,212.4,90100.0,308100.0,12.003496,22050.0,22057.2,190.15,191.5,181.0,184.7,62600.0,253350.0,14.815906
2024-01-15 11:30:00,212.4,213.15,193.7,209.1,86300.0,328450.0,11.951638,22050.0,22052.9,184.7,197.4,183.65,186.0,54950.0,257050.0,14.778897
2024-01-15 11:45:00,209.1,212.7,205.4,211.2,46650.0,324950.0,12.199688,22050.0,22050.45,185.25,187.7,181.2,182.55,42650.0,261450.0,14.471768
2024-01-15 12:00:00,211.55,218.85,208.3,213.9,78600.0,340950.0,12.330929,22050.0,22052.1,182.55,186.3,176.85,182.4,45800.0,276000.0,14.51781
2024-01-15 12:15:00,213.1,222.45,211.6,217.4,98250.0,332200.0,12.191537,22050.0,22062.1,182.4,183.05,174.0,177.2,37850.0,283500.0,14.471076
2024-01-15 12:30:00,217.4,219.0,207.2,217.95,32600.0,333150.0,12.377669,22050.0,22058.55,177.2,185.3,175.7,177.6,43000.0,289750.0,14.396003
2024-01-15 12:45:00,217.95,219.8,213.9,219.5,24550.0,333750.0,12.403672,22050.0,22060.85,177.6,180.9,175.8,177.45,22200.0,296050.0,14.461293
2024-01-15 13:00:00,219.5,221.95,210.15,218.85,23850.0,328650.0,12.406703,22050.0,22059.85,176.85,183.05,173.6,175.65,26300.0,301800.0,14.311979
2024-01-15 13:15:00,219.4,224.75,215.6,219.4,31350.0,328750.0,12.518222,22050.0,22058.2,175.65,178.2,169.95,175.3,32250.0,301850.0,14.242824
2024-01-15 13:30:00,218.0,219.9,212.45,216.5,63200.0,337250.0,12.555617,22050.0,22052.3,175.3,181.25,174.3,177.2,30350.0,304450.0,14.198174
2024-01-15 13:45:00,216.5,222.65,199.4,222.3,100000.0,339450.0,12.509287,22050.0,22064.0,177.2,189.4,170.45,170.7,59750.0,305100.0,14.112018
2024-01-15 14:00:00,222.3,239.1,203.1,237.0,328700.0,336450.0,13.274652,22050.0,22070.7,170.1,189.85,164.0,171.85,221550.0,314900.0,14.399635
2024-01-15 14:15:00,236.1,238.8,225.2,227.6,56650.0,335050.0,12.893537,22050.0,22064.05,171.75,177.4,169.0,175.45,59450.0,340850.0,14.45353
2024-01-15 14:30:00,228.5,232.55,215.5,228.0,63550.0,351000.0,12.676471,22050.0,22070.45,175.45,181.5,167.95,171.0,82650.0,347950.0,14.344136
2024-01-15 14:45:00,228.0,230.15,200.3,218.0,422900.0,1736300.0,12.921371,22100.0,22095.75,171.0,191.5,170.0,179.3,283050.0,907950.0,14.138924
2024-01-15 15:00:00,217.95,223.45,203.2,211.0,544150.0,1730550.0,12.782147,22100.0,22086.9,179.2,189.35,175.6,182.5,294700.0,929300.0,14.087075
2024-01-15 15:15:00,210.45,222.5,210.0,219.85,678950.0,1699200.0,12.52444,22100.0,22109.8,182.65,183.75,171.55,176.75,494850.0,910600.0,14.407582
2024-01-15 15:30:00,219.85,219.85,219.85,219.85,100.0,1699200.0,12.49952,22100.0,22110.45,176.9,176.9,176.9,176.9,50.0,910600.0,14.438224
2024-01-16 09:15:00,214.1,229.0,178.0,204.7,342350.0,324050.0,12.125119,22050.0,22060.25,170.65,203.55,170.65,181.65,308450.0,350300.0,15.22964
2024-01-16 09:30:00,203.75,215.95,181.7,211.45,172450.0,335100.0,12.152205,22050.0,22071.65,181.25,200.7,173.8,177.55,134800.0,364100.0,15.303843
2024-01-16 09:45:00,211.45,212.85,184.5,187.4,548850.0,1702400.0,12.0882,22100.0,22079.45,177.55,199.6,176.55,197.1,385900.0,979150.0,15.30984
2024-01-16 10:00:00,215.15,217.05,177.7,196.05,340850.0,1684600.0,11.885292,22100.0,22100.65,174.9,203.8,173.85,190.2,242700.0,1015100.0,15.523062
2024-01-16 10:15:00,195.15,198.0,184.35,189.9,168950.0,1702450.0,11.711087,22100.0,22094.15,190.05,198.0,188.4,191.85,157450.0,1044000.0,15.435255
2024-01-16 10:30:00,189.4,202.9,187.6,194.9,284000.0,1725300.0,11.802581,22100.0,22101.1,191.75,193.75,178.15,185.0,265050.0,1071950.0,15.177041
2024-01-16 10:45:00,195.15,206.1,194.05,201.9,247500.0,1717350.0,11.801827,22100.0,22113.75,185.0,185.0,175.8,178.5,181900.0,1104200.0,15.123527
2024-01-16 11:00:00,201.9,208.35,198.05,202.85,228750.0,1724650.0,11.671908,22100.0,22118.75,178.7,180.85,170.35,174.0,220250.0,1169450.0,14.964248
2024-01-16 11:15:00,203.4,205.2,191.45,195.65,184650.0,1743700.0,11.554427,22100.0,22109.2,173.35,182.8,172.0,178.9,181300.0,1198850.0,15.019301
2024-01-16 11:30:00,195.4,200.0,182.7,184.45,241600.0,1759000.0,11.634569,22100.0,22087.3,178.55,187.7,175.8,187.3,207950.0,1218000.0,14.913768
2024-01-16 11:45:00,183.75,195.6,178.0,195.55,227100.0,1767000.0,11.666039,22100.0,22106.75,186.55,190.95,174.45,174.45,256700.0,1206700.0,14.631553
2024-01-16 12:00:00,194.0,210.0,171.9,176.85,239650.0,1768050.0,11.475188,22100.0,22077.8,175.35,198.1,163.7,194.5,189800.0,1158400.0,15.125774
2024-01-16 12:15:00,203.0,204.0,173.1,177.0,137650.0,1796400.0,11.294603,22100.0,22082.95,171.7,197.8,171.35,192.35,169550.0,1163200.0,15.15112
2024-01-16 12:30:00,176.65,202.05,172.0,196.25,170750.0,365650.0,11.261192,22050.0,22069.1,192.35,198.8,173.0,177.0,161650.0,408850.0,15.262478
2024-01-16 12:45:00,195.95,200.35,184.35,187.95,116850.0,384550.0,11.219486,22050.0,22055.8,177.35,185.7,173.05,182.3,135200.0,414300.0,15.224517
2024-01-16 13:00:00,188.2,209.5,177.05,199.3,292750.0,2859500.0,11.538667,22000.0,22019.0,181.9,191.85,161.15,169.2,442050.0,3396000.0,14.734116
2024-01-16 13:15:00,198.7,206.1,170.4,177.35,465300.0,422800.0,11.600788,22050.0,22027.45,168.8,196.4,164.15,191.65,619850.0,441700.0,14.970247
2024-01-16 13:30:00,201.6,201.75,167.8,188.5,1280200.0,2983450.0,11.016839,22000.0,22013.0,170.45,202.95,170.45,178.8,1328950.0,3114700.0,15.254477
2024-01-16 13:45:00,188.6,199.05,160.6,178.1,307450.0,469500.0,11.024662,22050.0,22043.85,178.25,208.45,171.45,185.9,310700.0,355250.0,15.118467
2024-01-16 14:00:00,177.45,187.5,165.7,178.85,151950.0,487250.0,10.862679,22050.0,22049.4,186.9,199.05,175.6,183.5,105650.0,371100.0,15.13468
2024-01-16 14:15:00,179.4,189.6,172.15,181.85,146050.0,474950.0,11.434104,22050.0,22040.9,182.9,191.05,173.75,182.0,86650.0,381050.0,14.749958
2024-01-16 14:30:00,181.75,204.5,167.0,176.8,245400.0,474500.0,11.173212,22050.0,22038.45,182.4,195.6,162.95,184.5,280850.0,374000.0,14.855878
2024-01-16 14:45:00,175.95,184.2,172.15,178.0,100400.0,480500.0,11.044732,22050.0,22044.05,184.5,188.3,178.15,185.0,82450.0,382450.0,15.086012
2024-01-16 15:00:00,178.1,181.0,171.1,171.5,76300.0,479600.0,10.969889,22050.0,22034.3,185.0,190.65,181.0,189.6,69400.0,385550.0,15.099492
2024-01-16 15:15:00,171.75,195.95,160.6,163.0,324400.0,479400.0,10.466142,22050.0,22031.6,189.6,201.8,167.5,191.95,276350.0,369700.0,15.185253
2024-01-16 15:30:00,,,,,,,,22050.0,22031.5,190.3,190.3,190.3,190.3,50.0,369700.0,15.062353
2024-01-17 09:15:00,121.05,215.1,120.85,207.35,2100450.0,228850.0,12.997606,21750.0,21771.95,194.95,199.3,145.45,169.1,2308850.0,367950.0,15.543912
2024-01-17 09:30:00,179.15,203.95,173.0,196.1,1515600.0,1769600.0,12.518924,21800.0,21812.45,192.35,196.0,164.1,170.35,1295700.0,2346150.0,15.291183
2024-01-17 09:45:00,171.95,198.9,164.3,181.3,791500.0,1910850.0,12.25293,21800.0,21792.2,194.95,196.2,157.75,176.5,788150.0,2502800.0,15.063692
2024-01-17 10:00:00,181.2,186.7,174.0,183.85,1029150.0,2059150.0,12.51022,21800.0,21791.0,176.25,186.45,171.4,174.0,1097950.0,2642350.0,14.835773
2024-01-17 10:15:00,183.85,203.85,169.65,176.8,611200.0,2230700.0,12.289049,21800.0,21783.5,174.6,192.45,160.85,183.0,563550.0,2734050.0,15.266718
2024-01-17 10:30:00,177.05,203.9,174.1,189.6,406400.0,350700.0,13.105574,21750.0,21738.7,182.9,187.85,163.2,180.2,457450.0,311700.0,15.276657
2024-01-17 10:45:00,189.25,196.75,184.95,195.95,141300.0,382750.0,13.580526,21750.0,21739.35,180.5,186.35,172.15,179.95,158000.0,312850.0,15.288147
2024-01-17 11:00:00,195.95,200.0,190.05,195.6,109200.0,414150.0,13.5083,21750.0,21740.7,179.95,186.65,173.8,182.0,101900.0,296750.0,15.502652
2024-01-17 11:15:00,195.6,199.0,191.0,193.4,117450.0,437700.0,13.68514,21750.0,21732.6,181.8,190.0,179.85,189.0,110900.0,297600.0,15.758693
2024-01-17 11:30:00,193.35,231.65,188.05,205.0,634550.0,2339250.0,14.50236,21700.0,21685.75,189.0,211.9,170.85,196.95,682650.0,2799150.0,16.530015
2024-01-17 11:45:00,204.65,232.05,198.45,204.1,659600.0,2515100.0,14.732299,21700.0,21678.75,197.65,209.5,179.0,206.1,584550.0,2904500.0,16.991474
2024-01-17 12:00:00,232.0,232.0,196.1,201.85,269000.0,2646500.0,14.704217,21700.0,21675.45,183.65,224.3,183.05,214.75,391500.0,2915900.0,17.549066
2024-01-17 12:15:00,202.5,234.95,200.65,225.0,522700.0,402950.0,15.068948,21650.0,21660.95,212.75,212.75,170.75,191.7,486550.0,435800.0,17.085452
2024-01-17 12:30:00,224.05,236.45,222.3,229.0,148900.0,466000.0,16.092163,21650.0,21644.55,191.7,198.6,178.45,197.0,86500.0,436600.0,16.92148
2024-01-17 12:45:00,229.6,233.45,218.7,221.3,92650.0,480850.0,15.98884,21650.0,21632.9,196.55,212.65,191.8,210.9,155850.0,431750.0,17.588388
2024-01-17 13:00:00,221.45,231.9,217.0,218.2,156100.0,518550.0,15.757722,21650.0,21632.95,210.6,212.15,191.05,211.75,159350.0,401950.0,17.66551
2024-01-17 13:15:00,218.3,227.15,217.55,224.2,144600.0,565150.0,15.650293,21650.0,21647.05,211.05,212.2,197.1,201.5,155850.0,424750.0,17.38947
2024-01-17 13:30:00,223.5,245.1,205.45,219.95,289200.0,607950.0,15.151873,21650.0,21651.25,200.75,225.15,187.6,196.7,426300.0,464450.0,17.174465
2024-01-17 13:45:00,219.95,234.0,217.2,220.2,172950.0,636850.0,15.273287,21650.0,21649.15,196.6,197.45,171.95,195.4,140250.0,477750.0,17.005861
2024-01-17 14:00:00,219.15,227.4,210.4,223.0,132200.0,648200.0,15.164937,21650.0,21657.1,195.95,204.6,181.65,188.9,129850.0,499350.0,16.790328
2024-01-17 14:15:00,223.0,236.5,204.75,217.0,368400.0,1356450.0,14.870007,21600.0,21604.2,189.2,209.0,177.6,200.9,523800.0,1933100.0,17.673256
2024-01-17 14:30:00,217.05,221.9,203.0,204.5,947250.0,1523900.0,15.099392,21600.0,21575.7,200.15,216.5,191.45,215.0,1210000.0,2015500.0,17.741282
2024-01-17 14:45:00,232.0,241.45,202.95,234.6,533450.0,223800.0,15.546473,21550.0,21572.0,190.9,222.95,183.85,192.6,679250.0,294850.0,17.708969
2024-01-17 15:00:00,235.35,236.9,200.0,208.0,576000.0,1806000.0,14.814287,21600.0,21589.75,192.2,225.5,189.1,199.1,748800.0,2083350.0,17.032746
2024-01-17 15:15:00,209.75,231.85,198.7,203.0,495100.0,1832550.0,14.954528,21600.0,21577.25,197.1,215.0,180.7,214.05,492250.0,2149350.0,17.752378
2024-01-17 15:30:00,202.4,202.4,202.4,202.4,600.0,1832550.0,14.860657,21600.0,21578.4,214.6,214.6,214.6,214.6,3500.0,2149350.0,17.839344
2024-01-18 09:15:00,248.5,248.5,197.35,200.5,1025850.0,297600.0,15.25249,21450.0,21440.05,199.25,209.8,172.7,198.5,1269850.0,438300.0,17.79985
2024-01-18 09:30:00,200.35,228.9,192.5,200.5,1993750.0,1825700.0,15.553747,21400.0,21384.45,198.0,207.1,176.95,198.85,2549700.0,2691100.0,17.656205
2024-01-18 09:45:00,200.45,235.25,199.05,216.45,1069350.0,827950.0,16.52228,21300.0,21294.9,198.1,201.0,175.4,198.45,1936450.0,2124550.0,18.121055
2024-01-18 10:00:00,216.35,233.0,193.75,202.5,2065500.0,2240550.0,15.442884,21400.0,21391.35,198.55,208.0,159.3,183.8,1880250.0,2731600.0,16.69142
2024-01-18 10:15:00,231.3,232.05,189.45,211.05,1326800.0,2290250.0,15.414757,21400.0,21408.1,163.5,193.2,163.25,171.3,1149700.0,2836550.0,16.301828
2024-01-18 10:30:00,209.85,217.7,183.85,194.0,933750.0,511000.0,14.207314,21450.0,21452.7,172.45,192.45,163.5,177.6,880800.0,372000.0,16.597668
2024-01-18 10:45:00,196.1,209.5,188.3,201.5,515900.0,487600.0,14.2103,21450.0,21466.5,176.75,184.3,162.0,172.65,328200.0,405950.0,16.717737
2024-01-18 11:00:00,200.0,205.0,177.6,182.0,1025500.0,3332150.0,14.021707,21500.0,21484.25,173.85,191.1,168.8,182.3,654250.0,3287000.0,16.255791
2024-01-18 11:15:00,210.0,210.0,177.0,179.85,581050.0,3409350.0,14.063882,21500.0,21479.5,160.2,189.0,160.1,184.55,420750.0,3310750.0,16.264269
2024-01-18 11:30:00,178.65,210.0,174.6,197.1,812500.0,534300.0,13.829193,21450.0,21467.55,185.0,187.4,157.0,168.1,645300.0,466800.0,16.404062
2024-01-18 11:45:00,197.1,201.95,173.35,193.0,1091550.0,3543550.0,13.812082,21500.0,21510.05,168.1,186.8,161.9,163.6,694450.0,3378550.0,15.718506
2024-01-18 12:00:00,191.8,206.35,183.4,204.3,2080850.0,3647950.0,14.224003,21500.0,21521.8,163.9,170.95,151.3,153.55,1417050.0,3555900.0,15.323468
2024-01-18 12:15:00,206.0,215.65,177.05,209.65,1461850.0,3842250.0,14.865639,21500.0,21518.05,153.2,180.6,150.45,156.7,1009450.0,3855850.0,15.457911
2024-01-18 12:30:00,209.2,220.65,179.8,197.2,1334300.0,422700.0,14.6346,21450.0,21451.55,156.85,178.95,148.0,165.3,1326450.0,459100.0,15.596095
2024-01-18 12:45:00,197.0,208.2,192.05,194.0,359350.0,473350.0,14.75117,21450.0,21443.35,165.75,179.0,160.0,177.2,550450.0,495350.0,16.287036
2024-01-18 13:00:00,194.5,202.9,190.25,196.0,340150.0,517150.0,14.516823,21450.0,21452.5,177.2,179.65,163.1,169.6,449350.0,488450.0,16.013219
2024-01-18 13:15:00,196.0,207.4,190.35,193.6,398550.0,608000.0,14.485816,21450.0,21449.05,169.65,172.25,153.25,168.15,559700.0,547200.0,15.766542
2024-01-18 13:30:00,193.9,196.25,179.0,185.0,330150.0,621550.0,14.242583,21450.0,21438.7,168.9,176.2,162.15,171.35,487850.0,591100.0,15.639323
2024-01-18 13:45:00,185.25,196.0,184.3,191.9,310850.0,675950.0,14.261285,21450.0,21451.4,171.2,173.9,155.55,162.0,296300.0,583300.0,15.356926
2024-01-18 14:00:00,192.2,193.2,182.1,191.45,314600.0,654400.0,14.100317,21450.0,21454.35,161.55,171.85,153.0,155.3,477650.0,667650.0,14.913252
2024-01-18 14:15:00,191.6,193.55,174.4,175.7,312450.0,661550.0,13.920623,21450.0,21429.2,155.15,171.1,151.2,164.9,563750.0,737800.0,14.74274
2024-01-18 14:30:00,203.0,207.55,171.4,176.65,1305800.0,4311950.0,14.126393,21500.0,21475.8,144.3,175.0,131.3,157.7,1259950.0,3960550.0,13.977458
2024-01-18 14:45:00,203.9,214.0,171.8,194.75,1437350.0,713500.0,14.556191,21450.0,21451.4,137.95,164.8,136.8,148.8,1017550.0,785800.0,14.274281
2024-01-18 15:00:00,195.5,215.0,193.7,208.8,689100.0,746100.0,15.442649,21450.0,21458.3,148.9,149.1,125.4,131.1,698350.0,808950.0,13.043367
2024-01-18 15:15:00,209.05,222.95,187.6,193.0,1677850.0,4433750.0,15.481851,21500.0,21477.25,131.3,147.6,120.5,143.2,1400450.0,4029800.0,12.83586
2024-01-18 15:30:00,192.5,192.5,192.5,192.5,7500.0,4433750.0,15.35704,21500.0,21479.15,141.55,141.55,141.55,141.55,8400.0,4029800.0,12.773408
2024-01-19 09:15:00,168.0,180.0,150.9,173.05,8434400.0,2377750.0,13.395332,21650.0,21654.65,154.65,179.7,133.7,141.25,4891100.0,1716550.0,14.276392
2024-01-19 09:30:00,172.7,193.1,152.95,158.1,6430950.0,3012450.0,12.847073,21650.0,21638.65,141.35,162.35,123.95,156.35,5531250.0,1933850.0,14.968801
2024-01-19 09:45:00,156.3,180.2,146.65,156.65,5234350.0,3291800.0,12.639282,21650.0,21640.6,157.95,166.5,132.9,148.9,5683750.0,2090600.0,14.397937
2024-01-19 10:00:00,156.35,184.95,152.6,158.75,3440600.0,3217000.0,12.915637,21650.0,21639.0,148.7,153.1,125.75,145.75,2713500.0,2309700.0,14.060147
2024-01-19 10:15:00,159.0,187.6,153.75,176.1,3854950.0,3130250.0,13.439593,21650.0,21660.45,145.9,150.7,122.6,127.25,3069050.0,2517150.0,13.296133
2024-01-19 10:30:00,176.45,183.4,163.7,165.3,3907200.0,3095600.0,13.22698,21650.0,21645.3,128.1,137.1,122.55,135.85,2990750.0,2642650.0,13.457788
2024-01-19 10:45:00,165.05,177.35,147.7,175.1,2909550.0,4389350.0,12.730301,21600.0,21623.95,136.0,154.7,129.7,131.7,3936450.0,5399100.0,14.277984
2024-01-19 11:00:00,174.2,177.85,146.9,152.9,6411050.0,5065850.0,12.580787,21600.0,21586.9,133.1,164.4,131.05,161.75,11161500.0,5147350.0,15.468591
2024-01-19 11:15:00,153.3,164.0,149.25,159.1,5570300.0,5669600.0,12.641218,21600.0,21597.5,161.25,169.2,144.5,150.15,6764950.0,5227850.0,14.885409
2024-01-19 11:30:00,158.1,176.75,156.7,159.65,5255450.0,5788550.0,12.636083,21600.0,21598.9,150.55,152.4,127.65,148.3,6330350.0,5335800.0,14.78754
2024-01-19 11:45:00,159.6,172.65,153.85,165.25,3632950.0,5780450.0,13.313415,21600.0,21595.6,148.55,157.95,133.1,143.3,4529150.0,5415450.0,14.21105
2024-01-19 12:00:00,165.2,168.5,155.05,160.0,3345800.0,5865650.0,13.201238,21600.0,21588.4,144.0,157.45,138.75,148.7,5048300.0,5374550.0,14.402781
2024-01-19 12:15:00,160.3,161.75,150.2,159.2,3338650.0,6067150.0,13.028764,21600.0,21590.8,148.8,162.5,146.7,149.1,5482750.0,5286100.0,14.549862
2024-01-19 12:30:00,158.85,169.95,157.4,166.5,4389250.0,6037050.0,13.04342,21600.0,21604.3,149.05,151.35,135.9,138.9,4037750.0,5321000.0,14.203715
2024-01-19 12:45:00,166.65,179.1,166.25,173.65,4783150.0,5896450.0,13.400577,21600.0,21610.4,139.25,139.8,123.55,128.8,4062850.0,5593800.0,13.549611
2024-01-19 13:00:00,174.05,186.0,151.05,158.05,4732050.0,3499400.0,13.54243,21650.0,21627.9,127.8,144.65,113.95,135.55,3839200.0,2106200.0,12.780928
2024-01-19 13:15:00,158.1,188.95,156.8,169.05,4902850.0,5297900.0,13.983132,21600.0,21590.6,135.45,137.95,111.4,131.9,5563150.0,5705250.0,13.029104
2024-01-19 13:30:00,168.4,191.0,156.35,180.85,4441600.0,5219000.0,14.072064,21600.0,21610.9,131.85,137.1,109.25,116.25,5795700.0,5736750.0,12.457927
2024-01-19 13:45:00,180.3,182.65,170.8,173.4,2875500.0,5249100.0,13.67542,21600.0,21605.6,116.75,126.2,115.75,124.55,4165900.0,5807700.0,13.004557
2024-01-19 14:00:00,173.8,176.75,161.85,166.7,3589600.0,5366250.0,13.892104,21600.0,21589.0,124.65,139.35,121.6,134.45,6760700.0,5573250.0,13.217572
2024-01-19 14:15:00,167.3,186.85,165.65,186.8,3904050.0,5596850.0,13.947541,21600.0,21624.9,134.55,136.2,110.45,111.15,4941000.0,5717250.0,12.573723
2024-01-19 14:30:00,186.35,194.4,158.55,163.8,4881850.0,3202550.0,14.087594,21650.0,21629.2,111.25,132.4,104.6,122.95,4541300.0,2170500.0,11.749678
2024-01-19 14:45:00,164.1,196.35,158.3,188.55,3549700.0,5555300.0,14.76629,21600.0,21612.55,123.15,130.55,103.55,111.3,3689350.0,6174850.0,12.113768
2024-01-19 15:00:00,188.9,193.5,166.55,182.75,4880800.0,5628250.0,13.887965,21600.0,21619.75,111.85,124.8,103.15,113.65,6093400.0,5933550.0,12.624682
2024-01-19 15:15:00,184.0,190.75,157.45,163.0,2951300.0,2834850.0,13.633835,21650.0,21638.2,113.35,134.4,106.85,133.1,2261700.0,1646650.0,13.077989
2024-01-19 15:30:00,161.0,161.0,161.0,161.0,900.0,2834850.0,13.432076,21650.0,21638.65,,,,,,,
2024-01-20 09:15:00,148.0,162.05,138.3,143.15,9569050.0,6650350.0,13.400335,21700.0,21677.1,128.0,139.25,101.6,127.15,7679100.0,4665750.0,12.657005
2024-01-20 09:30:00,171.8,174.7,143.85,170.1,3357500.0,2987000.0,14.573957,21650.0,21656.2,104.5,127.85,103.45,113.25,5928450.0,2243300.0,12.66929
2024-01-20 09:45:00,169.95,176.45,141.9,153.95,2791950.0,3173750.0,13.874898,21650.0,21639.8,114.2,131.75,103.35,123.5,3653600.0,2276350.0,12.938792
2024-01-20 10:00:00,156.0,185.7,150.35,164.1,3852150.0,3527350.0,14.669759,21650.0,21643.85,123.9,130.8,105.25,115.0,7075800.0,2246600.0,12.307678
2024-01-20 10:15:00,164.0,172.15,159.6,167.45,2887750.0,3608950.0,14.177584,21650.0,21659.8,114.9,117.8,106.45,112.45,2508850.0,2330400.0,12.779037
2024-01-20 10:30:00,166.8,171.8,138.05,140.05,2162600.0,7871700.0,13.08485,21700.0,21679.05,112.45,133.5,105.9,130.05,2111300.0,5189150.0,13.07853
2024-01-20 10:45:00,140.15,163.9,133.8,159.7,3350950.0,3543450.0,12.981012,21650.0,21668.5,130.25,134.05,109.6,113.95,2979200.0,2471400.0,13.324799
2024-01-20 11:00:00,159.75,166.3,136.4,162.15,1673550.0,3592350.0,13.38629,21650.0,21665.8,114.3,130.15,106.85,109.15,2170900.0,2637450.0,12.747183
2024-01-20 11:15:00,161.8,164.0,153.5,158.7,1170700.0,3581600.0,13.562024,21650.0,21656.6,109.3,116.75,107.4,112.2,1946250.0,2763850.0,12.653802
2024-01-20 11:30:00,158.45,161.0,154.9,160.35,1027650.0,3666250.0,13.892378,21650.0,21653.75,112.8,115.75,108.5,108.6,1567700.0,2805050.0,12.184235
2024-01-20 11:45:00,160.4,161.0,153.55,155.85,1125900.0,3795300.0,13.751153,21650.0,21648.4,109.0,117.3,107.8,114.4,1632400.0,2789950.0,12.52253
2024-01-20 12:00:00,155.4,159.0,147.1,150.05,1410800.0,3863650.0,13.218205,21650.0,21648.05,114.2,118.85,109.8,115.9,1724600.0,2531650.0,12.663643
2024-01-20 12:15:00,150.35,151.25,143.45,146.0,1241600.0,3882000.0,13.068109,21650.0,21643.65,115.8,122.0,114.3,119.5,1571700.0,2485050.0,12.826112
2024-01-20 12:30:00,145.7,167.15,138.4,161.55,3865850.0,5726950.0,14.613848,21600.0,21594.3,120.35,127.2,106.3,113.45,8522450.0,6567550.0,12.297364
2024-01-20 12:45:00,161.5,172.1,132.9,146.0,3685600.0,4086350.0,12.827706,21650.0,21648.85,114.0,133.1,99.5,116.15,4549050.0,2252150.0,12.754755
2024-01-20 13:00:00,146.7,149.85,132.15,143.65,2528250.0,4070150.0,12.37769,21650.0,21653.25,116.0,132.75,111.1,120.05,2558900.0,2264450.0,13.348316
2024-01-20 13:15:00,143.5,148.2,138.5,141.2,2083900.0,3979450.0,12.368663,21650.0,21649.2,119.6,125.0,114.15,122.6,1770200.0,2342200.0,13.426755
2024-01-20 13:30:00,140.9,144.8,132.4,133.75,1308150.0,4000200.0,12.615496,21650.0,21630.65,122.1,129.9,119.75,128.25,1782050.0,2403550.0,13.129304
2024-01-20 13:45:00,161.2,169.0,138.6,140.45,2910300.0,4112850.0,13.291311,21650.0,21630.65,105.65,121.55,99.65,120.3,4600450.0,2333750.0,12.35698
2024-01-20 14:00:00,140.45,169.7,140.25,162.65,1931350.0,5589650.0,14.016152,21600.0,21609.6,120.1,120.1,98.4,107.1,3245100.0,6322450.0,12.41937
2024-01-20 14:15:00,162.4,166.7,155.35,166.7,2151950.0,5694350.0,14.094422,21600.0,21615.85,107.2,114.05,100.05,100.2,3767900.0,6400550.0,12.017224
2024-01-20 14:30:00,166.8,172.0,138.0,145.0,3187400.0,5673500.0,13.145279,21600.0,21593.8,99.8,124.45,95.05,119.45,5403650.0,6277550.0,12.947685
2024-01-20 14:45:00,143.4,158.9,133.45,142.9,5230600.0,6029500.0,13.200142,21600.0,21589.1,120.65,132.8,101.75,121.7,8967550.0,5914850.0,12.96168
2024-01-20 15:00:00,143.65,169.95,135.3,139.85,3027500.0,6660100.0,13.475561,21600.0,21578.2,120.9,129.7,102.75,120.65,7546500.0,5793800.0,12.348204
2024-01-20 15:15:00,141.15,176.15,131.45,143.85,4876000.0,5685450.0,13.440322,21600.0,21586.95,119.2,129.1,92.55,117.5,5560000.0,5174550.0,12.463783
2024-01-20 15:30:00,143.45,143.45,143.45,143.45,2000.0,5685450.0,13.466529,21600.0,21585.7,,,,,,,
2024-01-23 09:15:00,98.3,144.9,92.1,137.55,9686200.0,7149300.0,18.149118,21700.0,21714.0,105.0,116.3,74.1,81.5,10076550.0,5565100.0,13.909582
2024-01-23 09:30:00,135.95,149.4,130.05,147.45,7660300.0,7519400.0,18.99583,21700.0,21722.3,82.15,88.1,71.55,74.2,12099800.0,6823600.0,13.399794
2024-01-23 09:45:00,117.05,156.9,110.5,151.75,6113500.0,2479550.0,19.593702,21650.0,21674.0,92.85,101.0,72.9,79.65,9156200.0,2372900.0,14.383993
2024-01-23 10:00:00,150.75,151.95,127.0,139.4,4219250.0,3070000.0,19.036712,21650.0,21658.65,79.3,102.05,78.75,86.15,8641950.0,2664150.0,14.353853
2024-01-23 10:15:00,140.05,154.35,111.45,132.35,5468800.0,4914350.0,18.726616,21600.0,21600.4,86.0,106.55,79.95,102.45,11077650.0,5579150.0,16.272184
2024-01-23 10:30:00,132.35,149.5,118.0,126.2,5191350.0,1176450.0,18.600868,21550.0,21541.3,102.3,124.0,92.0,120.75,10755300.0,1644000.0,18.42495
2024-01-23 10:45:00,124.95,134.55,109.6,128.5,4341000.0,1544750.0,17.356812,21550.0,21562.15,120.2,132.75,103.15,106.85,6752600.0,1791750.0,17.871796
2024-01-23 11:00:00,127.9,132.8,115.55,124.25,2869200.0,1744900.0,17.132339,21550.0,21557.55,107.75,120.65,101.95,107.9,3999550.0,2245950.0,17.744412
2024-01-23 11:15:00,125.05,127.65,112.3,119.9,2463000.0,2092000.0,16.740439,21550.0,21554.8,106.75,124.75,104.5,114.45,4494200.0,2681550.0,18.57701
2024-01-23 11:30:00,118.7,154.45,98.65,143.2,5640150.0,597600.0,19.490095,21450.0,21466.25,115.7,144.95,98.35,112.55,13075500.0,1819350.0,19.226345
2024-01-23 11:45:00,142.35,146.25,110.95,124.4,3059600.0,1087700.0,18.480114,21450.0,21443.7,113.05,141.2,107.0,130.25,6872600.0,2145550.0,20.334466
2024-01-23 12:00:00,125.25,146.7,116.15,132.1,5259450.0,2429800.0,20.097594,21400.0,21389.3,128.3,151.8,112.55,139.1,11975950.0,4976750.0,21.448901
2024-01-23 12:15:00,131.35,148.75,126.15,132.75,5009000.0,2976350.0,19.529385,21400.0,21398.5,140.55,141.65,108.75,129.05,7303450.0,5228200.0,20.644621
2024-01-23 12:30:00,132.3,143.1,129.3,132.55,4297200.0,3147800.0,19.33182,21400.0,21401.25,128.8,130.25,109.35,123.85,5840450.0,5522000.0,20.094099
2024-01-23 12:45:00,132.6,149.55,116.25,135.55,4988950.0,585100.0,18.744201,21350.0,21365.3,124.55,142.65,109.65,119.15,7570500.0,1811700.0,20.483578
2024-01-23 13:00:00,135.85,143.0,113.1,125.7,2145700.0,937400.0,18.260128,21350.0,21353.25,119.5,132.8,110.25,119.35,5156550.0,1908150.0,19.680057
2024-01-23 13:15:00,126.4,132.65,110.8,124.25,2504600.0,1264400.0,18.445413,21350.0,21348.8,118.95,134.15,112.6,120.4,3984350.0,2089900.0,19.555376
2024-01-23 13:30:00,125.75,129.7,114.6,120.8,1747550.0,1473650.0,18.071403,21350.0,21347.4,118.75,129.45,115.2,121.25,2637750.0,2183900.0,19.626639
2024-01-23 13:45:00,120.95,139.55,102.2,121.0,3764200.0,2028500.0,16.746101,21300.0,21314.9,121.0,136.65,104.0,113.6,7727400.0,4974400.0,19.817018
2024-01-23 14:00:00,122.6,131.5,99.45,121.55,4839350.0,3017750.0,17.148317,21300.0,21311.75,113.4,137.4,103.0,114.85,6586950.0,5227500.0,19.828821
2024-01-23 14:15:00,121.35,133.2,101.35,110.35,5178450.0,705800.0,17.455836,21250.0,21237.55,114.8,146.25,107.65,141.8,12173600.0,1720200.0,22.329441
2024-01-23 14:30:00,110.1,131.45,102.9,124.05,4169950.0,2318250.0,17.016776,21200.0,21220.0,142.65,148.7,116.4,120.35,7360050.0,5236600.0,21.49346
2024-01-23 14:45:00,99.65,125.6,99.05,116.15,4967050.0,3020650.0,15.654884,21200.0,21221.65,147.6,148.8,112.9,119.75,6963600.0,5627450.0,21.569297
2024-01-23 15:00:00,116.95,119.3,79.65,93.55,7735150.0,1908100.0,14.778139,21250.0,21239.5,118.55,169.55,112.6,150.45,10727050.0,1926100.0,24.016973
2024-01-23 15:15:00,93.65,105.15,88.8,92.65,4605400.0,2175100.0,14.390844,21250.0,21243.05,149.9,153.2,128.3,140.0,3329050.0,1727800.0,22.687883
2024-01-23 15:30:00,92.65,92.65,92.65,92.65,350.0,2175100.0,14.507326,21250.0,21241.65,140.0,140.0,140.0,140.0,100.0,1727800.0,22.581636
2024-01-24 09:15:00,94.2,155.55,88.8,125.3,18466800.0,3151250.0,25.52819,21250.0,21240.05,112.0,145.95,95.05,113.95,19474250.0,1967050.0,22.701696
2024-01-24 09:30:00,123.7,140.85,108.15,136.8,13748400.0,3729350.0,25.090782,21250.0,21267.55,111.65,129.05,95.35,97.55,7778400.0,3087650.0,22.150657
2024-01-24 09:45:00,112.5,150.9,102.15,146.35,21070100.0,2958400.0,26.431176,21350.0,21372.95,118.4,121.7,90.7,94.2,10681900.0,1777000.0,21.958775
2024-01-24 10:00:00,119.7,157.1,111.4,121.2,13994050.0,3310600.0,26.010117,21350.0,21329.1,114.1,127.65,80.9,117.45,15624500.0,2373400.0,22.445537
2024-01-24 10:15:00,121.15,141.75,108.85,116.75,14003350.0,7503950.0,24.770588,21400.0,21383.0,115.3,117.35,88.3,101.55,9206750.0,4809200.0,19.653307
2024-01-24 10:30:00,117.15,142.0,107.0,126.35,12350100.0,2500350.0,23.040414,21350.0,21369.7,99.5,106.65,81.5,92.2,11714450.0,2804550.0,21.509169
2024-01-24 10:45:00,127.1,135.35,100.1,125.85,8376050.0,2723450.0,23.100394,21350.0,21369.2,91.65,112.45,84.35,89.1,10026300.0,2937550.0,20.909122
2024-01-24 11:00:00,100.7,135.15,99.6,129.2,5568600.0,2748050.0,23.556098,21350.0,21372.3,108.75,109.4,77.35,81.35,6126100.0,3277850.0,19.676146
2024-01-24 11:15:00,99.35,135.8,94.7,111.35,8163650.0,4932400.0,22.761778,21300.0,21297.15,102.9,110.4,74.7,97.2,14675350.0,7527350.0,20.640807
2024-01-24 11:30:00,144.05,146.3,80.8,120.5,11835700.0,6123600.0,23.880919,21300.0,21305.55,76.95,127.8,75.05,90.1,20721400.0,6165200.0,20.093303
2024-01-24 11:45:00,120.05,122.85,98.85,106.5,6504250.0,6290650.0,23.189784,21300.0,21285.45,90.7,112.0,88.25,105.4,11760700.0,6505600.0,21.306545
2024-01-24 12:00:00,106.35,135.5,100.8,120.1,4151150.0,2121750.0,24.891127,21250.0,21248.15,104.75,110.0,84.8,99.3,11419350.0,3952600.0,21.499229
2024-01-24 12:15:00,119.75,145.5,95.65,114.7,6457250.0,2315650.0,23.210087,21250.0,21254.15,99.05,124.4,81.8,100.4,13316050.0,4204200.0,22.445334
2024-01-24 12:30:00,116.35,134.1,91.8,98.2,5067300.0,3102750.0,22.852406,21250.0,21225.4,97.1,121.25,88.25,113.55,12150850.0,3925050.0,22.262052
2024-01-24 12:45:00,98.0,133.05,92.7,111.85,9221050.0,7886250.0,23.526636,21300.0,21297.3,111.85,112.5,79.8,88.7,8987950.0,5763450.0,19.374888
2024-01-24 13:00:00,110.75,135.35,88.55,113.3,13607750.0,7437350.0,23.567018,21300.0,21300.85,89.55,108.5,72.75,89.55,12546250.0,6885200.0,20.015951
2024-01-24 13:15:00,113.95,133.1,92.9,111.3,10191850.0,7534650.0,23.065593,21300.0,21302.55,88.55,102.3,70.55,86.0,12303000.0,7417700.0,19.516078
2024-01-24 13:30:00,112.55,120.25,101.05,107.7,7608300.0,7742850.0,22.74792,21300.0,21299.45,84.95,97.65,78.3,88.05,11589950.0,7248750.0,19.72269
2024-01-24 13:45:00,108.3,128.2,105.85,112.3,6904200.0,7596450.0,23.662519,21300.0,21301.3,87.7,91.6,74.6,84.55,10517600.0,7525550.0,19.245177
2024-01-24 14:00:00,112.5,128.0,89.55,103.95,11809100.0,3934000.0,23.074918,21350.0,21340.7,83.95,99.8,70.35,84.75,8504050.0,2437950.0,18.188262
2024-01-24 14:15:00,102.35,120.95,92.85,119.45,11211600.0,3855600.0,23.280588,21350.0,21369.8,86.35,92.8,61.2,62.3,8334250.0,3006050.0,16.369732
2024-01-24 14:30:00,87.55,131.55,85.75,101.2,24758050.0,3251850.0,23.777187,21450.0,21429.8,84.0,86.55,56.1,74.8,13277350.0,1088000.0,14.84322
2024-01-24 14:45:00,99.75,126.55,85.3,98.35,15345050.0,3919900.0,22.607927,21450.0,21436.0,75.95,81.95,57.4,67.75,13282850.0,2205550.0,14.071197
2024-01-24 15:00:00,99.25,129.45,72.05,88.0,17936400.0,4374350.0,18.176353,21450.0,21456.05,69.1,90.25,47.7,64.25,13730650.0,3089900.0,15.560324
2024-01-24 15:15:00,87.8,100.65,68.25,98.0,12353400.0,3705050.0,19.964923,21450.0,21460.7,63.8,78.65,51.15,55.0,8046700.0,3136800.0,14.04612
2024-01-24 15:30:00,98.0,98.0,98.0,98.0,14700.0,3705050.0,19.347002,21450.0,21465.9,57.0,57.0,57.0,57.0,4200.0,3136800.0,15.028174
2024-01-25 09:15:00,94.2,99.3,49.05,60.25,33405850.0,6644450.0,29.16148,21450.0,21438.0,69.55,88.0,47.85,68.7,42317200.0,4177500.0,28.233167
2024-01-25 09:30:00,60.15,91.3,51.2,51.2,28664050.0,8489850.0,26.178622,21400.0,21385.9,66.85,76.45,45.4,75.85,38039700.0,10753200.0,31.657747
2024-01-25 09:45:00,77.05,86.0,47.05,77.1,18512950.0,3000700.0,29.845149,21350.0,21373.65,55.8,82.4,46.4,51.85,26934100.0,5996250.0,29.724196
2024-01-25 10:00:00,77.15,79.7,43.45,64.8,12960100.0,3971300.0,25.885083,21350.0,21368.95,52.05,78.5,48.6,55.4,17447000.0,6238550.0,31.118606
2024-01-25 10:15:00,65.5,76.55,48.6,66.55,24450600.0,7578400.0,28.118136,21300.0,21316.6,55.55,81.8,50.7,61.55,43864650.0,10168700.0,34.460019
2024-01-25 10:30:00,66.6,83.4,42.4,67.35,21623250.0,8375950.0,31.674774,21300.0,21307.75,60.35,84.2,43.4,57.25,29918650.0,11361050.0,31.073024
2024-01-25 10:45:00,67.25,90.15,59.2,66.55,13668750.0,3581100.0,32.121578,21250.0,21258.1,57.55,72.4,48.05,65.45,29603300.0,5784100.0,36.333028
2024-01-25 11:00:00,66.2,76.3,45.85,71.4,11893000.0,4703100.0,33.547243,21250.0,21265.5,65.55,77.15,48.6,51.75,18574950.0,6653750.0,31.87316
2024-01-25 11:15:00,70.95,76.25,46.4,55.25,29106400.0,11861800.0,30.728891,21300.0,21297.7,52.2,76.0,46.2,57.4,26775100.0,11488100.0,31.183248
2024-01-25 11:30:00,55.5,77.25,39.8,60.1,34581400.0,5363350.0,33.050477,21350.0,21352.5,55.85,71.55,37.25,46.5,26141900.0,5002300.0,27.283765
2024-01-25 11:45:00,57.95,73.25,42.0,52.25,27577550.0,11003200.0,29.420812,21300.0,21303.4,47.8,63.95,38.05,49.25,37969300.0,12588550.0,30.158345
2024-01-25 12:00:00,52.9,59.75,41.8,44.7,21198650.0,11588000.0,28.09022,21300.0,21296.4,48.7,55.6,38.8,44.7,26066700.0,12666850.0,26.379663
2024-01-25 12:15:00,44.9,61.4,27.9,33.25,28966850.0,13526100.0,24.36903,21300.0,21288.45,44.25,60.8,29.75,45.1,32339200.0,12392850.0,25.028659
2024-01-25 12:30:00,32.2,40.85,25.6,30.25,26919700.0,15800150.0,23.794268,21300.0,21287.35,45.9,50.6,30.1,38.2,25403600.0,14014350.0,21.099839
2024-01-25 12:45:00,30.7,52.35,20.4,38.85,24506050.0,4573950.0,23.860742,21250.0,21258.15,37.85,46.95,17.55,25.5,28375650.0,10546700.0,20.648064
2024-01-25 13:00:00,39.4,53.25,16.5,21.85,24521700.0,19063250.0,21.119214,21300.0,21284.15,24.85,45.95,13.3,35.5,35063850.0,12686850.0,19.883439
2024-01-25 13:15:00,22.4,44.5,17.7,33.2,31627650.0,5441600.0,18.353572,21250.0,21266.7,35.4,42.0,14.95,20.7,30833200.0,13866750.0,22.127399
2024-01-25 13:30:00,33.05,42.1,13.05,15.1,16237450.0,21789450.0,20.914049,21300.0,21275.8,20.3,45.3,12.35,40.45,34617450.0,13257300.0,22.313445
2024-01-25 13:45:00,14.4,27.85,12.1,17.0,67183750.0,22470300.0,16.333894,21300.0,21297.05,41.5,41.95,24.35,31.3,38976450.0,14032950.0,26.825796
2024-01-25 14:00:00,17.5,23.95,8.45,8.55,56126250.0,24354650.0,16.308747,21300.0,21279.75,30.85,38.4,22.2,36.8,33575850.0,14206050.0,25.068491
2024-01-25 14:15:00,8.95,38.5,6.5,36.1,31963750.0,6374550.0,23.236758,21250.0,21274.85,35.5,43.3,4.05,4.65,73346350.0,19335150.0,14.984066
2024-01-25 14:30:00,8.4,38.3,5.75,21.7,50756600.0,7512750.0,22.139452,21250.0,21257.55,26.75,33.95,3.8,8.05,92973650.0,20125850.0,14.506095
2024-01-25 14:45:00,22.15,29.6,19.35,23.0,33375900.0,7262500.0,20.788243,21250.0,21265.85,7.75,8.35,1.65,2.0,114754800.0,22154950.0,11.36417
2024-01-25 15:00:00,2.15,11.65,1.2,1.7,283701600.0,18539950.0,8.964568,21350.0,21343.3,31.7,44.75,3.1,19.5,83566450.0,4737550.0,33.974879
2024-01-25 15:15:00,1.65,2.55,0.1,2.5,140438000.0,12663350.0,0.0,21350.0,21370.75,19.05,56.8,0.05,0.05,39202550.0,4463300.0,32.381262
2024-01-25 15:30:00,0.95,0.95,0.95,0.95,37200.0,12327400.0,2.029829,21400.0,21378.2,47.4,47.4,47.4,47.4,1550.0,3380100.0,11.781782
